"","PC","tip","shift_value","regime","shift_node","shift_edge","bootstrap_support"
"1","morphoPC1","Chromis_atripectoralis",21.140359685833,"1",405,564,0.27
"3","morphoPC1","Chromis_flavaxilla",21.140359685833,"1",405,564,0.27
"70","morphoPC1","Chromis_fumea",18.1061325431713,"1",455,480,0.41
"77","morphoPC1","Chromis_katoi",18.1061325431713,"1",455,480,0.41
"78","morphoPC1","Chromis_kennensis",18.1061325431713,"1",455,480,0.41
"72","morphoPC1","Chromis_klunzingeri",18.1061325431713,"1",455,480,0.41
"71","morphoPC1","Chromis_nitida",18.1061325431713,"1",455,480,0.41
"75","morphoPC1","Chromis_notata",18.1061325431713,"1",455,480,0.41
"76","morphoPC1","Chromis_ovalis",18.1061325431713,"1",455,480,0.41
"73","morphoPC1","Chromis_pamae",18.1061325431713,"1",455,480,0.41
"74","morphoPC1","Chromis_randalli",18.1061325431713,"1",455,480,0.41
"4","morphoPC1","Chromis_ternatensis",21.140359685833,"1",405,564,0.27
"2","morphoPC1","Chromis_viridis",21.140359685833,"1",405,564,0.27
"79","morphoPC1","Chromis_yamakawai",18.1061325431713,"1",455,480,0.41
"65","morphoPC1","Azurina_atrilobata",23.98626700749,"2",410,553,0.54
"67","morphoPC1","Azurina_cyanea",23.98626700749,"2",410,553,0.54
"68","morphoPC1","Azurina_elerae",23.98626700749,"2",410,553,0.54
"66","morphoPC1","Azurina_hirundo",23.98626700749,"2",410,553,0.54
"69","morphoPC1","Azurina_lepidolepis",23.98626700749,"2",410,553,0.54
"64","morphoPC1","Azurina_multilineata",23.98626700749,"2",410,553,0.54
"19","morphoPC1","Neopomacentrus_aktites",28.0486632861315,"2",582,209,0.93
"17","morphoPC1","Neopomacentrus_anabatoides",28.0486632861315,"2",582,209,0.93
"16","morphoPC1","Neopomacentrus_aquadulcis",28.0486632861315,"2",582,209,0.93
"14","morphoPC1","Neopomacentrus_azysron",28.0486632861315,"2",582,209,0.93
"21","morphoPC1","Neopomacentrus_bankieri",28.0486632861315,"2",582,209,0.93
"11","morphoPC1","Neopomacentrus_cyanomos",28.0486632861315,"2",582,209,0.93
"20","morphoPC1","Neopomacentrus_filamentosus",28.0486632861315,"2",582,209,0.93
"7","morphoPC1","Neopomacentrus_fuliginosus",28.0486632861315,"2",582,209,0.93
"13","morphoPC1","Neopomacentrus_metallicus",28.0486632861315,"2",582,209,0.93
"9","morphoPC1","Neopomacentrus_miryae",28.0486632861315,"2",582,209,0.93
"12","morphoPC1","Neopomacentrus_nemurus",28.0486632861315,"2",582,209,0.93
"10","morphoPC1","Neopomacentrus_sindensis",28.0486632861315,"2",582,209,0.93
"15","morphoPC1","Neopomacentrus_sororius",28.0486632861315,"2",582,209,0.93
"22","morphoPC1","Neopomacentrus_taeniurus",28.0486632861315,"2",582,209,0.93
"18","morphoPC1","Neopomacentrus_violascens",28.0486632861315,"2",582,209,0.93
"8","morphoPC1","Neopomacentrus_xanthurus",28.0486632861315,"2",582,209,0.93
"5","morphoPC1","Pristotis_obtusirostris",28.0486632861315,"2",582,209,0.93
"6","morphoPC1","Teixeirichthys_jordani",28.0486632861315,"2",582,209,0.93
"39","morphoPC1","Cheiloprion_labiatus",10.7780189732473,"3",521,331,0.71
"101","morphoPC1","Chromis_albicauda",9.20117284335269,"3",467,444,0.14
"93","morphoPC1","Chromis_alpha",9.20117284335269,"3",467,444,0.14
"82","morphoPC1","Chromis_alta",9.20117284335269,"3",467,444,0.14
"99","morphoPC1","Chromis_anadema",9.20117284335269,"3",467,444,0.14
"102","morphoPC1","Chromis_analis",9.20117284335269,"3",467,444,0.14
"95","morphoPC1","Chromis_bowesi",9.20117284335269,"3",467,444,0.14
"91","morphoPC1","Chromis_cadenati",9.20117284335269,"3",467,444,0.14
"90","morphoPC1","Chromis_chromis",9.20117284335269,"3",467,444,0.14
"108","morphoPC1","Chromis_cinerascens",9.20117284335269,"3",467,444,0.14
"80","morphoPC1","Chromis_crusma",9.20117284335269,"3",467,444,0.14
"94","morphoPC1","Chromis_degruyi",9.20117284335269,"3",467,444,0.14
"96","morphoPC1","Chromis_earina",9.20117284335269,"3",467,444,0.14
"84","morphoPC1","Chromis_enchrysura",9.20117284335269,"3",467,444,0.14
"103","morphoPC1","Chromis_flavapicis",9.20117284335269,"3",467,444,0.14
"107","morphoPC1","Chromis_gunting",9.20117284335269,"3",467,444,0.14
"104","morphoPC1","Chromis_hangganan",9.20117284335269,"3",467,444,0.14
"86","morphoPC1","Chromis_insolata",9.20117284335269,"3",467,444,0.14
"89","morphoPC1","Chromis_limbata",9.20117284335269,"3",467,444,0.14
"83","morphoPC1","Chromis_limbaughi",9.20117284335269,"3",467,444,0.14
"88","morphoPC1","Chromis_lubbocki",9.20117284335269,"3",467,444,0.14
"98","morphoPC1","Chromis_opercularis",9.20117284335269,"3",467,444,0.14
"105","morphoPC1","Chromis_pembae",9.20117284335269,"3",467,444,0.14
"81","morphoPC1","Chromis_punctipinnis",9.20117284335269,"3",467,444,0.14
"92","morphoPC1","Chromis_sanctaehelenae",9.20117284335269,"3",467,444,0.14
"109","morphoPC1","Chromis_scotochiloptera",9.20117284335269,"3",467,444,0.14
"87","morphoPC1","Chromis_scotti",9.20117284335269,"3",467,444,0.14
"85","morphoPC1","Chromis_vanbebberae",9.20117284335269,"3",467,444,0.14
"97","morphoPC1","Chromis_verater",9.20117284335269,"3",467,444,0.14
"111","morphoPC1","Chromis_weberi",9.20117284335269,"3",467,444,0.14
"106","morphoPC1","Chromis_woodsi",9.20117284335269,"3",467,444,0.14
"110","morphoPC1","Chromis_xanthochira",9.20117284335269,"3",467,444,0.14
"112","morphoPC1","Chromis_xanthopterygia",9.20117284335269,"3",467,444,0.14
"100","morphoPC1","Chromis_xanthura",9.20117284335269,"3",467,444,0.14
"26","morphoPC1","Chrysiptera_biocellata",10.7780189732473,"3",521,331,0.71
"27","morphoPC1","Chrysiptera_brownriggii",10.7780189732473,"3",521,331,0.71
"57","morphoPC1","Chrysiptera_burtjonesi",10.7780189732473,"3",521,331,0.71
"30","morphoPC1","Chrysiptera_caeruleolineata",10.7780189732473,"3",521,331,0.71
"47","morphoPC1","Chrysiptera_caesifrons",10.7780189732473,"3",521,331,0.71
"48","morphoPC1","Chrysiptera_chrysocephala",10.7780189732473,"3",521,331,0.71
"44","morphoPC1","Chrysiptera_cyanea",10.7780189732473,"3",521,331,0.71
"53","morphoPC1","Chrysiptera_ellenae",10.7780189732473,"3",521,331,0.71
"41","morphoPC1","Chrysiptera_flavipinnis",10.7780189732473,"3",521,331,0.71
"23","morphoPC1","Chrysiptera_galba",10.7780189732473,"3",521,331,0.71
"49","morphoPC1","Chrysiptera_giti",10.7780189732473,"3",521,331,0.71
"29","morphoPC1","Chrysiptera_glauca",10.7780189732473,"3",521,331,0.71
"50","morphoPC1","Chrysiptera_hemicyanea",10.7780189732473,"3",521,331,0.71
"28","morphoPC1","Chrysiptera_leucopoma",10.7780189732473,"3",521,331,0.71
"58","morphoPC1","Chrysiptera_maurineae",10.7780189732473,"3",521,331,0.71
"54","morphoPC1","Chrysiptera_oxycephala",10.7780189732473,"3",521,331,0.71
"56","morphoPC1","Chrysiptera_papuensis",10.7780189732473,"3",521,331,0.71
"51","morphoPC1","Chrysiptera_parasema",10.7780189732473,"3",521,331,0.71
"24","morphoPC1","Chrysiptera_rapanui",10.7780189732473,"3",521,331,0.71
"46","morphoPC1","Chrysiptera_rex",10.7780189732473,"3",521,331,0.71
"40","morphoPC1","Chrysiptera_rollandi",10.7780189732473,"3",521,331,0.71
"59","morphoPC1","Chrysiptera_sinclairi",10.7780189732473,"3",521,331,0.71
"52","morphoPC1","Chrysiptera_springeri",10.7780189732473,"3",521,331,0.71
"25","morphoPC1","Chrysiptera_starcki",10.7780189732473,"3",521,331,0.71
"42","morphoPC1","Chrysiptera_talboti",10.7780189732473,"3",521,331,0.71
"45","morphoPC1","Chrysiptera_taupou",10.7780189732473,"3",521,331,0.71
"43","morphoPC1","Chrysiptera_traceyi",10.7780189732473,"3",521,331,0.71
"31","morphoPC1","Chrysiptera_unimaculata",10.7780189732473,"3",521,331,0.71
"55","morphoPC1","Chrysiptera_uswanasi",10.7780189732473,"3",521,331,0.71
"36","morphoPC1","Dischistodus_chrysopoecilus",10.7780189732473,"3",521,331,0.71
"34","morphoPC1","Dischistodus_melanotus",10.7780189732473,"3",521,331,0.71
"37","morphoPC1","Dischistodus_perspicillatus",10.7780189732473,"3",521,331,0.71
"38","morphoPC1","Dischistodus_prosopotaenia",10.7780189732473,"3",521,331,0.71
"35","morphoPC1","Dischistodus_pseudochrysopoecilus",10.7780189732473,"3",521,331,0.71
"32","morphoPC1","Pomachromis_fuscidorsalis",10.7780189732473,"3",521,331,0.71
"33","morphoPC1","Pomachromis_richardsoni",10.7780189732473,"3",521,331,0.71
"60","morphoPC1","Pycnochromis_acares",38.9679696841424,"4",426,521,0.92
"62","morphoPC1","Pycnochromis_lineatus",38.9679696841424,"4",426,521,0.92
"61","morphoPC1","Pycnochromis_nigrurus",38.9679696841424,"4",426,521,0.92
"63","morphoPC1","Pycnochromis_vanderbilti",38.9679696841424,"4",426,521,0.92
"113","morphoPC2","Cheiloprion_labiatus",-13.0568057670279,"1",537,312,0.7
"191","morphoPC2","Chrysiptera_burtjonesi",-13.0568057670279,"1",537,312,0.7
"910","morphoPC2","Chrysiptera_caesifrons",-13.0568057670279,"1",537,312,0.7
"1010","morphoPC2","Chrysiptera_chrysocephala",-13.0568057670279,"1",537,312,0.7
"610","morphoPC2","Chrysiptera_cyanea",-13.0568057670279,"1",537,312,0.7
"151","morphoPC2","Chrysiptera_ellenae",-13.0568057670279,"1",537,312,0.7
"310","morphoPC2","Chrysiptera_flavipinnis",-13.0568057670279,"1",537,312,0.7
"114","morphoPC2","Chrysiptera_giti",-13.0568057670279,"1",537,312,0.7
"121","morphoPC2","Chrysiptera_hemicyanea",-13.0568057670279,"1",537,312,0.7
"201","morphoPC2","Chrysiptera_maurineae",-13.0568057670279,"1",537,312,0.7
"161","morphoPC2","Chrysiptera_oxycephala",-13.0568057670279,"1",537,312,0.7
"181","morphoPC2","Chrysiptera_papuensis",-13.0568057670279,"1",537,312,0.7
"131","morphoPC2","Chrysiptera_parasema",-13.0568057670279,"1",537,312,0.7
"810","morphoPC2","Chrysiptera_rex",-13.0568057670279,"1",537,312,0.7
"210","morphoPC2","Chrysiptera_rollandi",-13.0568057670279,"1",537,312,0.7
"211","morphoPC2","Chrysiptera_sinclairi",-13.0568057670279,"1",537,312,0.7
"141","morphoPC2","Chrysiptera_springeri",-13.0568057670279,"1",537,312,0.7
"410","morphoPC2","Chrysiptera_talboti",-13.0568057670279,"1",537,312,0.7
"710","morphoPC2","Chrysiptera_taupou",-13.0568057670279,"1",537,312,0.7
"510","morphoPC2","Chrysiptera_traceyi",-13.0568057670279,"1",537,312,0.7
"171","morphoPC2","Chrysiptera_uswanasi",-13.0568057670279,"1",537,312,0.7
"311","morphoPC3","Amblyglyphidodon_aureus",-9.04175192338269,"1",570,254,0.68
"145","morphoPC3","Amblyglyphidodon_batunaorum",-9.04175192338269,"1",570,254,0.68
"611","morphoPC3","Amblyglyphidodon_curacao",-9.04175192338269,"1",570,254,0.68
"511","morphoPC3","Amblyglyphidodon_flavilatus",-9.04175192338269,"1",570,254,0.68
"411","morphoPC3","Amblyglyphidodon_flavopurpureus",-9.04175192338269,"1",570,254,0.68
"711","morphoPC3","Amblyglyphidodon_indicus",-9.04175192338269,"1",570,254,0.68
"1011","morphoPC3","Amblyglyphidodon_leucogaster",-9.04175192338269,"1",570,254,0.68
"911","morphoPC3","Amblyglyphidodon_melanopterus",-9.04175192338269,"1",570,254,0.68
"811","morphoPC3","Amblyglyphidodon_orbicularis",-9.04175192338269,"1",570,254,0.68
"1110","morphoPC3","Amblyglyphidodon_silolona",-9.04175192338269,"1",570,254,0.68
"212","morphoPC3","Amblyglyphidodon_ternatensis",-9.04175192338269,"1",570,254,0.68
"146","morphoPC3","Dischistodus_chrysopoecilus",11.09729240088,"2",533,310,0.4
"1210","morphoPC3","Dischistodus_melanotus",11.09729240088,"2",533,310,0.4
"152","morphoPC3","Dischistodus_perspicillatus",11.09729240088,"2",533,310,0.4
"162","morphoPC3","Dischistodus_prosopotaenia",11.09729240088,"2",533,310,0.4
"1310","morphoPC3","Dischistodus_pseudochrysopoecilus",11.09729240088,"2",533,310,0.4
"231","morphoPC3","Azurina_atrilobata",-4.28325481465518,"3",403,567,0.52
"172","morphoPC3","Azurina_brevirostris",-4.28325481465518,"3",403,567,0.52
"251","morphoPC3","Azurina_cyanea",-4.28325481465518,"3",403,567,0.52
"261","morphoPC3","Azurina_elerae",-4.28325481465518,"3",403,567,0.52
"241","morphoPC3","Azurina_hirundo",-4.28325481465518,"3",403,567,0.52
"271","morphoPC3","Azurina_lepidolepis",-4.28325481465518,"3",403,567,0.52
"221","morphoPC3","Azurina_multilineata",-4.28325481465518,"3",403,567,0.52
"641","morphoPC3","Chromis_abyssicola",-4.28325481465518,"3",403,567,0.52
"791","morphoPC3","Chromis_abyssus",-4.28325481465518,"3",403,567,0.52
"1021","morphoPC3","Chromis_albicauda",-4.28325481465518,"3",403,567,0.52
"781","morphoPC3","Chromis_albomaculata",-4.28325481465518,"3",403,567,0.52
"941","morphoPC3","Chromis_alpha",-4.28325481465518,"3",403,567,0.52
"831","morphoPC3","Chromis_alta",-4.28325481465518,"3",403,567,0.52
"1001","morphoPC3","Chromis_anadema",-4.28325481465518,"3",403,567,0.52
"1031","morphoPC3","Chromis_analis",-4.28325481465518,"3",403,567,0.52
"182","morphoPC3","Chromis_atripectoralis",-4.28325481465518,"3",403,567,0.52
"961","morphoPC3","Chromis_bowesi",-4.28325481465518,"3",403,567,0.52
"921","morphoPC3","Chromis_cadenati",-4.28325481465518,"3",403,567,0.52
"912","morphoPC3","Chromis_chromis",-4.28325481465518,"3",403,567,0.52
"612","morphoPC3","Chromis_chrysura",-4.28325481465518,"3",403,567,0.52
"1091","morphoPC3","Chromis_cinerascens",-4.28325481465518,"3",403,567,0.52
"801","morphoPC3","Chromis_circumaurea",-4.28325481465518,"3",403,567,0.52
"812","morphoPC3","Chromis_crusma",-4.28325481465518,"3",403,567,0.52
"951","morphoPC3","Chromis_degruyi",-4.28325481465518,"3",403,567,0.52
"591","morphoPC3","Chromis_dispila",-4.28325481465518,"3",403,567,0.52
"971","morphoPC3","Chromis_earina",-4.28325481465518,"3",403,567,0.52
"851","morphoPC3","Chromis_enchrysura",-4.28325481465518,"3",403,567,0.52
"1041","morphoPC3","Chromis_flavapicis",-4.28325481465518,"3",403,567,0.52
"202","morphoPC3","Chromis_flavaxilla",-4.28325481465518,"3",403,567,0.52
"681","morphoPC3","Chromis_fumea",-4.28325481465518,"3",403,567,0.52
"1081","morphoPC3","Chromis_gunting",-4.28325481465518,"3",403,567,0.52
"1051","morphoPC3","Chromis_hangganan",-4.28325481465518,"3",403,567,0.52
"601","morphoPC3","Chromis_hypsilepis",-4.28325481465518,"3",403,567,0.52
"871","morphoPC3","Chromis_insolata",-4.28325481465518,"3",403,567,0.52
"751","morphoPC3","Chromis_katoi",-4.28325481465518,"3",403,567,0.52
"761","morphoPC3","Chromis_kennensis",-4.28325481465518,"3",403,567,0.52
"701","morphoPC3","Chromis_klunzingeri",-4.28325481465518,"3",403,567,0.52
"901","morphoPC3","Chromis_limbata",-4.28325481465518,"3",403,567,0.52
"841","morphoPC3","Chromis_limbaughi",-4.28325481465518,"3",403,567,0.52
"891","morphoPC3","Chromis_lubbocki",-4.28325481465518,"3",403,567,0.52
"651","morphoPC3","Chromis_mamatapara",-4.28325481465518,"3",403,567,0.52
"621","morphoPC3","Chromis_mirationis",-4.28325481465518,"3",403,567,0.52
"691","morphoPC3","Chromis_nitida",-4.28325481465518,"3",403,567,0.52
"731","morphoPC3","Chromis_notata",-4.28325481465518,"3",403,567,0.52
"661","morphoPC3","Chromis_okamurai",-4.28325481465518,"3",403,567,0.52
"991","morphoPC3","Chromis_opercularis",-4.28325481465518,"3",403,567,0.52
"741","morphoPC3","Chromis_ovalis",-4.28325481465518,"3",403,567,0.52
"712","morphoPC3","Chromis_pamae",-4.28325481465518,"3",403,567,0.52
"631","morphoPC3","Chromis_pelloura",-4.28325481465518,"3",403,567,0.52
"1061","morphoPC3","Chromis_pembae",-4.28325481465518,"3",403,567,0.52
"821","morphoPC3","Chromis_punctipinnis",-4.28325481465518,"3",403,567,0.52
"721","morphoPC3","Chromis_randalli",-4.28325481465518,"3",403,567,0.52
"931","morphoPC3","Chromis_sanctaehelenae",-4.28325481465518,"3",403,567,0.52
"1101","morphoPC3","Chromis_scotochiloptera",-4.28325481465518,"3",403,567,0.52
"881","morphoPC3","Chromis_scotti",-4.28325481465518,"3",403,567,0.52
"213","morphoPC3","Chromis_ternatensis",-4.28325481465518,"3",403,567,0.52
"671","morphoPC3","Chromis_tingting",-4.28325481465518,"3",403,567,0.52
"861","morphoPC3","Chromis_vanbebberae",-4.28325481465518,"3",403,567,0.52
"981","morphoPC3","Chromis_verater",-4.28325481465518,"3",403,567,0.52
"192","morphoPC3","Chromis_viridis",-4.28325481465518,"3",403,567,0.52
"1121","morphoPC3","Chromis_weberi",-4.28325481465518,"3",403,567,0.52
"1071","morphoPC3","Chromis_woodsi",-4.28325481465518,"3",403,567,0.52
"1111","morphoPC3","Chromis_xanthochira",-4.28325481465518,"3",403,567,0.52
"1131","morphoPC3","Chromis_xanthopterygia",-4.28325481465518,"3",403,567,0.52
"1012","morphoPC3","Chromis_xanthura",-4.28325481465518,"3",403,567,0.52
"771","morphoPC3","Chromis_yamakawai",-4.28325481465518,"3",403,567,0.52
"291","morphoPC3","Dascyllus_abudafur",-4.28325481465518,"3",403,567,0.52
"361","morphoPC3","Dascyllus_albisella",-4.28325481465518,"3",403,567,0.52
"301","morphoPC3","Dascyllus_aruanus",-4.28325481465518,"3",403,567,0.52
"341","morphoPC3","Dascyllus_carneus",-4.28325481465518,"3",403,567,0.52
"321","morphoPC3","Dascyllus_flavicaudus",-4.28325481465518,"3",403,567,0.52
"312","morphoPC3","Dascyllus_marginatus",-4.28325481465518,"3",403,567,0.52
"281","morphoPC3","Dascyllus_melanurus",-4.28325481465518,"3",403,567,0.52
"331","morphoPC3","Dascyllus_reticulatus",-4.28325481465518,"3",403,567,0.52
"351","morphoPC3","Dascyllus_strasburgi",-4.28325481465518,"3",403,567,0.52
"371","morphoPC3","Dascyllus_trimaculatus",-4.28325481465518,"3",403,567,0.52
"481","morphoPC3","Pycnochromis_abruptus",-4.28325481465518,"3",403,567,0.52
"381","morphoPC3","Pycnochromis_acares",-4.28325481465518,"3",403,567,0.52
"421","morphoPC3","Pycnochromis_alleni",-4.28325481465518,"3",403,567,0.52
"571","morphoPC3","Pycnochromis_amboinensis",-4.28325481465518,"3",403,567,0.52
"441","morphoPC3","Pycnochromis_atripes",-4.28325481465518,"3",403,567,0.52
"541","morphoPC3","Pycnochromis_caudalis",-4.28325481465518,"3",403,567,0.52
"431","morphoPC3","Pycnochromis_delta",-4.28325481465518,"3",403,567,0.52
"471","morphoPC3","Pycnochromis_dimidiatus",-4.28325481465518,"3",403,567,0.52
"551","morphoPC3","Pycnochromis_fatuhivae",-4.28325481465518,"3",403,567,0.52
"461","morphoPC3","Pycnochromis_fieldi",-4.28325481465518,"3",403,567,0.52
"451","morphoPC3","Pycnochromis_hanui",-4.28325481465518,"3",403,567,0.52
"581","morphoPC3","Pycnochromis_howsoni",-4.28325481465518,"3",403,567,0.52
"512","morphoPC3","Pycnochromis_iomelas",-4.28325481465518,"3",403,567,0.52
"521","morphoPC3","Pycnochromis_leucurus",-4.28325481465518,"3",403,567,0.52
"401","morphoPC3","Pycnochromis_lineatus",-4.28325481465518,"3",403,567,0.52
"491","morphoPC3","Pycnochromis_margaritifer",-4.28325481465518,"3",403,567,0.52
"391","morphoPC3","Pycnochromis_nigrurus",-4.28325481465518,"3",403,567,0.52
"561","morphoPC3","Pycnochromis_ovatiformis",-4.28325481465518,"3",403,567,0.52
"501","morphoPC3","Pycnochromis_pacifica",-4.28325481465518,"3",403,567,0.52
"531","morphoPC3","Pycnochromis_retrofasciatus",-4.28325481465518,"3",403,567,0.52
"412","morphoPC3","Pycnochromis_vanderbilti",-4.28325481465518,"3",403,567,0.52
"115","morphoPC3","Dascyllus_abudafur",-8.82954038958377,"4",415,554,0.96
"122","morphoPC3","Dascyllus_albisella",-8.82954038958377,"4",415,554,0.96
"116","morphoPC3","Dascyllus_aruanus",-8.82954038958377,"4",415,554,0.96
"120","morphoPC3","Dascyllus_carneus",-8.82954038958377,"4",415,554,0.96
"118","morphoPC3","Dascyllus_flavicaudus",-8.82954038958377,"4",415,554,0.96
"117","morphoPC3","Dascyllus_marginatus",-8.82954038958377,"4",415,554,0.96
"1141","morphoPC3","Dascyllus_melanurus",-8.82954038958377,"4",415,554,0.96
"119","morphoPC3","Dascyllus_reticulatus",-8.82954038958377,"4",415,554,0.96
"1211","morphoPC3","Dascyllus_strasburgi",-8.82954038958377,"4",415,554,0.96
"123","morphoPC3","Dascyllus_trimaculatus",-8.82954038958377,"4",415,554,0.96
"134","morphoPC3","Pycnochromis_abruptus",-8.82954038958377,"4",415,554,0.96
"124","morphoPC3","Pycnochromis_acares",-8.82954038958377,"4",415,554,0.96
"128","morphoPC3","Pycnochromis_alleni",-8.82954038958377,"4",415,554,0.96
"143","morphoPC3","Pycnochromis_amboinensis",-8.82954038958377,"4",415,554,0.96
"130","morphoPC3","Pycnochromis_atripes",-8.82954038958377,"4",415,554,0.96
"140","morphoPC3","Pycnochromis_caudalis",-8.82954038958377,"4",415,554,0.96
"129","morphoPC3","Pycnochromis_delta",-8.82954038958377,"4",415,554,0.96
"133","morphoPC3","Pycnochromis_dimidiatus",-8.82954038958377,"4",415,554,0.96
"1411","morphoPC3","Pycnochromis_fatuhivae",-8.82954038958377,"4",415,554,0.96
"132","morphoPC3","Pycnochromis_fieldi",-8.82954038958377,"4",415,554,0.96
"1311","morphoPC3","Pycnochromis_hanui",-8.82954038958377,"4",415,554,0.96
"144","morphoPC3","Pycnochromis_howsoni",-8.82954038958377,"4",415,554,0.96
"137","morphoPC3","Pycnochromis_iomelas",-8.82954038958377,"4",415,554,0.96
"138","morphoPC3","Pycnochromis_leucurus",-8.82954038958377,"4",415,554,0.96
"126","morphoPC3","Pycnochromis_lineatus",-8.82954038958377,"4",415,554,0.96
"135","morphoPC3","Pycnochromis_margaritifer",-8.82954038958377,"4",415,554,0.96
"125","morphoPC3","Pycnochromis_nigrurus",-8.82954038958377,"4",415,554,0.96
"142","morphoPC3","Pycnochromis_ovatiformis",-8.82954038958377,"4",415,554,0.96
"136","morphoPC3","Pycnochromis_pacifica",-8.82954038958377,"4",415,554,0.96
"139","morphoPC3","Pycnochromis_retrofasciatus",-8.82954038958377,"4",415,554,0.96
"127","morphoPC3","Pycnochromis_vanderbilti",-8.82954038958377,"4",415,554,0.96
"762","morphoPC4","Amblyglyphidodon_curacao",-13.1665834890301,"1",574,228,0.9
"752","morphoPC4","Amblyglyphidodon_flavilatus",-13.1665834890301,"1",574,228,0.9
"772","morphoPC4","Amblyglyphidodon_indicus",-13.1665834890301,"1",574,228,0.9
"802","morphoPC4","Amblyglyphidodon_leucogaster",-13.1665834890301,"1",574,228,0.9
"792","morphoPC4","Amblyglyphidodon_melanopterus",-13.1665834890301,"1",574,228,0.9
"782","morphoPC4","Amblyglyphidodon_orbicularis",-13.1665834890301,"1",574,228,0.9
"813","morphoPC4","Amblyglyphidodon_silolona",-13.1665834890301,"1",574,228,0.9
"214","morphoPC4","Dascyllus_abudafur",-12.8956813131887,"1",416,541,0.97
"913","morphoPC4","Dascyllus_albisella",-12.8956813131887,"1",416,541,0.97
"313","morphoPC4","Dascyllus_aruanus",-12.8956813131887,"1",416,541,0.97
"713","morphoPC4","Dascyllus_carneus",-12.8956813131887,"1",416,541,0.97
"513","morphoPC4","Dascyllus_flavicaudus",-12.8956813131887,"1",416,541,0.97
"413","morphoPC4","Dascyllus_marginatus",-12.8956813131887,"1",416,541,0.97
"147","morphoPC4","Dascyllus_melanurus",-12.8956813131887,"1",416,541,0.97
"613","morphoPC4","Dascyllus_reticulatus",-12.8956813131887,"1",416,541,0.97
"814","morphoPC4","Dascyllus_strasburgi",-12.8956813131887,"1",416,541,0.97
"1013","morphoPC4","Dascyllus_trimaculatus",-12.8956813131887,"1",416,541,0.97
"153","morphoPC4","Abudefduf_abdominalis",-9.37564910415519,"2",512,350,0.51
"1112","morphoPC4","Abudefduf_caudobimaculatus",-9.37564910415519,"2",512,350,0.51
"1312","morphoPC4","Abudefduf_conformis",-9.37564910415519,"2",512,350,0.51
"163","morphoPC4","Abudefduf_hoefleri",-9.37564910415519,"2",512,350,0.51
"173","morphoPC4","Abudefduf_lorenzi",-9.37564910415519,"2",512,350,0.51
"183","morphoPC4","Abudefduf_saxatilis",-9.37564910415519,"2",512,350,0.51
"148","morphoPC4","Abudefduf_sexfasciatus",-9.37564910415519,"2",512,350,0.51
"193","morphoPC4","Abudefduf_troschelii",-9.37564910415519,"2",512,350,0.51
"1212","morphoPC4","Abudefduf_vaigiensis",-9.37564910415519,"2",512,350,0.51
"422","morphoPC4","Pomacentrus_adelus",4.2857678994155,"3",632,110,0.36
"602","morphoPC4","Pomacentrus_albiaxillaris",4.2857678994155,"3",632,110,0.36
"314","morphoPC4","Pomacentrus_albicaudatus",4.2857678994155,"3",632,110,0.36
"614","morphoPC4","Pomacentrus_alexanderae",4.2857678994155,"3",632,110,0.36
"272","morphoPC4","Pomacentrus_alleni",4.2857678994155,"3",632,110,0.36
"462","morphoPC4","Pomacentrus_amboinensis",4.2857678994155,"3",632,110,0.36
"352","morphoPC4","Pomacentrus_aquilus",4.2857678994155,"3",632,110,0.36
"362","morphoPC4","Pomacentrus_arabicus",4.2857678994155,"3",632,110,0.36
"492","morphoPC4","Pomacentrus_armillatus",4.2857678994155,"3",632,110,0.36
"632","morphoPC4","Pomacentrus_aurifrons",4.2857678994155,"3",632,110,0.36
"222","morphoPC4","Pomacentrus_auriventris",4.2857678994155,"3",632,110,0.36
"532","morphoPC4","Pomacentrus_australis",4.2857678994155,"3",632,110,0.36
"372","morphoPC4","Pomacentrus_baenschi",4.2857678994155,"3",632,110,0.36
"502","morphoPC4","Pomacentrus_bankanensis",4.2857678994155,"3",632,110,0.36
"652","morphoPC4","Pomacentrus_brachialis",4.2857678994155,"3",632,110,0.36
"292","morphoPC4","Pomacentrus_burroughi",4.2857678994155,"3",632,110,0.36
"282","morphoPC4","Pomacentrus_caeruleopunctatus",4.2857678994155,"3",632,110,0.36
"262","morphoPC4","Pomacentrus_caeruleus",4.2857678994155,"3",632,110,0.36
"672","morphoPC4","Pomacentrus_callainus",4.2857678994155,"3",632,110,0.36
"732","morphoPC4","Pomacentrus_chrysurus",4.2857678994155,"3",632,110,0.36
"232","morphoPC4","Pomacentrus_coelestis",4.2857678994155,"3",632,110,0.36
"582","morphoPC4","Pomacentrus_flavioculus",4.2857678994155,"3",632,110,0.36
"562","morphoPC4","Pomacentrus_flavoaxillaris",4.2857678994155,"3",632,110,0.36
"432","morphoPC4","Pomacentrus_geminospilus",4.2857678994155,"3",632,110,0.36
"302","morphoPC4","Pomacentrus_grammorhynchus",4.2857678994155,"3",632,110,0.36
"592","morphoPC4","Pomacentrus_imitator",4.2857678994155,"3",632,110,0.36
"682","morphoPC4","Pomacentrus_lepidogenys",4.2857678994155,"3",632,110,0.36
"203","morphoPC4","Pomacentrus_leptus",4.2857678994155,"3",632,110,0.36
"442","morphoPC4","Pomacentrus_littoralis",4.2857678994155,"3",632,110,0.36
"452","morphoPC4","Pomacentrus_maafu",4.2857678994155,"3",632,110,0.36
"572","morphoPC4","Pomacentrus_magniseptus",4.2857678994155,"3",632,110,0.36
"392","morphoPC4","Pomacentrus_melanochir",4.2857678994155,"3",632,110,0.36
"242","morphoPC4","Pomacentrus_micronesicus",4.2857678994155,"3",632,110,0.36
"714","morphoPC4","Pomacentrus_microspilus",4.2857678994155,"3",632,110,0.36
"722","morphoPC4","Pomacentrus_milleri",4.2857678994155,"3",632,110,0.36
"472","morphoPC4","Pomacentrus_moluccensis",4.2857678994155,"3",632,110,0.36
"742","morphoPC4","Pomacentrus_nagasakiensis",4.2857678994155,"3",632,110,0.36
"552","morphoPC4","Pomacentrus_nigriradiatus",4.2857678994155,"3",632,110,0.36
"662","morphoPC4","Pomacentrus_nigromanus",4.2857678994155,"3",632,110,0.36
"622","morphoPC4","Pomacentrus_nigromarginatus",4.2857678994155,"3",632,110,0.36
"215","morphoPC4","Pomacentrus_pavo",4.2857678994155,"3",632,110,0.36
"542","morphoPC4","Pomacentrus_philippinus",4.2857678994155,"3",632,110,0.36
"692","morphoPC4","Pomacentrus_reidi",4.2857678994155,"3",632,110,0.36
"252","morphoPC4","Pomacentrus_similis",4.2857678994155,"3",632,110,0.36
"642","morphoPC4","Pomacentrus_smithi",4.2857678994155,"3",632,110,0.36
"482","morphoPC4","Pomacentrus_spilotoceps",4.2857678994155,"3",632,110,0.36
"702","morphoPC4","Pomacentrus_stigma",4.2857678994155,"3",632,110,0.36
"322","morphoPC4","Pomacentrus_sulfureus",4.2857678994155,"3",632,110,0.36
"402","morphoPC4","Pomacentrus_taeniometopon",4.2857678994155,"3",632,110,0.36
"332","morphoPC4","Pomacentrus_trichrourus",4.2857678994155,"3",632,110,0.36
"382","morphoPC4","Pomacentrus_trilineatus",4.2857678994155,"3",632,110,0.36
"414","morphoPC4","Pomacentrus_tripunctatus",4.2857678994155,"3",632,110,0.36
"514","morphoPC4","Pomacentrus_vaiuli",4.2857678994155,"3",632,110,0.36
"342","morphoPC4","Pomacentrus_vatosoa",4.2857678994155,"3",632,110,0.36
"522","morphoPC4","Pomacentrus_wardi",4.2857678994155,"3",632,110,0.36
"253","morphoPC5","Amphiprion_akallopisos",-4.54325304105671,"1",581,211,0.84
"343","morphoPC5","Amphiprion_akindynos",-4.54325304105671,"1",581,211,0.84
"423","morphoPC5","Amphiprion_allardi",-4.54325304105671,"1",581,211,0.84
"303","morphoPC5","Amphiprion_barberi",-4.54325304105671,"1",581,211,0.84
"194","morphoPC5","Amphiprion_biaculeatus",-4.54325304105671,"1",581,211,0.84
"383","morphoPC5","Amphiprion_bicinctus",-4.54325304105671,"1",581,211,0.84
"363","morphoPC5","Amphiprion_chagosensis",-4.54325304105671,"1",581,211,0.84
"443","morphoPC5","Amphiprion_chrysogaster",-4.54325304105671,"1",581,211,0.84
"453","morphoPC5","Amphiprion_chrysopterus",-4.54325304105671,"1",581,211,0.84
"233","morphoPC5","Amphiprion_clarkii",-4.54325304105671,"1",581,211,0.84
"293","morphoPC5","Amphiprion_ephippium",-4.54325304105671,"1",581,211,0.84
"315","morphoPC5","Amphiprion_frenatus",-4.54325304105671,"1",581,211,0.84
"223","morphoPC5","Amphiprion_latezonatus",-4.54325304105671,"1",581,211,0.84
"433","morphoPC5","Amphiprion_latifasciatus",-4.54325304105671,"1",581,211,0.84
"463","morphoPC5","Amphiprion_leucokranos",-4.54325304105671,"1",581,211,0.84
"353","morphoPC5","Amphiprion_mccullochi",-4.54325304105671,"1",581,211,0.84
"323","morphoPC5","Amphiprion_melanopus",-4.54325304105671,"1",581,211,0.84
"373","morphoPC5","Amphiprion_nigripes",-4.54325304105671,"1",581,211,0.84
"204","morphoPC5","Amphiprion_ocellaris",-4.54325304105671,"1",581,211,0.84
"393","morphoPC5","Amphiprion_omanensis",-4.54325304105671,"1",581,211,0.84
"273","morphoPC5","Amphiprion_pacificus",-4.54325304105671,"1",581,211,0.84
"216","morphoPC5","Amphiprion_percula",-4.54325304105671,"1",581,211,0.84
"263","morphoPC5","Amphiprion_perideraion",-4.54325304105671,"1",581,211,0.84
"403","morphoPC5","Amphiprion_polymnus",-4.54325304105671,"1",581,211,0.84
"333","morphoPC5","Amphiprion_rubrocinctus",-4.54325304105671,"1",581,211,0.84
"283","morphoPC5","Amphiprion_sandaracinos",-4.54325304105671,"1",581,211,0.84
"415","morphoPC5","Amphiprion_sebae",-4.54325304105671,"1",581,211,0.84
"243","morphoPC5","Amphiprion_tricinctus",-4.54325304105671,"1",581,211,0.84
"154","morphoPC5","Neopomacentrus_aktites",-4.54325304105671,"1",581,211,0.84
"1313","morphoPC5","Neopomacentrus_anabatoides",-4.54325304105671,"1",581,211,0.84
"1213","morphoPC5","Neopomacentrus_aquadulcis",-4.54325304105671,"1",581,211,0.84
"1014","morphoPC5","Neopomacentrus_azysron",-4.54325304105671,"1",581,211,0.84
"174","morphoPC5","Neopomacentrus_bankieri",-4.54325304105671,"1",581,211,0.84
"715","morphoPC5","Neopomacentrus_cyanomos",-4.54325304105671,"1",581,211,0.84
"164","morphoPC5","Neopomacentrus_filamentosus",-4.54325304105671,"1",581,211,0.84
"316","morphoPC5","Neopomacentrus_fuliginosus",-4.54325304105671,"1",581,211,0.84
"914","morphoPC5","Neopomacentrus_metallicus",-4.54325304105671,"1",581,211,0.84
"515","morphoPC5","Neopomacentrus_miryae",-4.54325304105671,"1",581,211,0.84
"815","morphoPC5","Neopomacentrus_nemurus",-4.54325304105671,"1",581,211,0.84
"615","morphoPC5","Neopomacentrus_sindensis",-4.54325304105671,"1",581,211,0.84
"1113","morphoPC5","Neopomacentrus_sororius",-4.54325304105671,"1",581,211,0.84
"184","morphoPC5","Neopomacentrus_taeniurus",-4.54325304105671,"1",581,211,0.84
"149","morphoPC5","Neopomacentrus_violascens",-4.54325304105671,"1",581,211,0.84
"416","morphoPC5","Neopomacentrus_xanthurus",-4.54325304105671,"1",581,211,0.84
"150","morphoPC5","Pristotis_obtusirostris",-4.54325304105671,"1",581,211,0.84
"217","morphoPC5","Teixeirichthys_jordani",-4.54325304105671,"1",581,211,0.84
"483","morphoPC5","Chrysiptera_flavipinnis",11.3291403044903,"2",540,293,0.5
"473","morphoPC5","Chrysiptera_rollandi",11.3291403044903,"2",540,293,0.5
"493","morphoPC5","Chrysiptera_talboti",11.3291403044903,"2",540,293,0.5
"503","morphoPC5","Chrysiptera_traceyi",11.3291403044903,"2",540,293,0.5
"816","morphoPC6","Stegastes_adustus",-6.05106264171063,"1",392,604,0.46
"317","morphoPC6","Stegastes_baldwini",-6.05106264171063,"1",392,604,0.46
"417","morphoPC6","Stegastes_beebei",-6.05106264171063,"1",392,604,0.46
"915","morphoPC6","Stegastes_diencaeus",-6.05106264171063,"1",392,604,0.46
"516","morphoPC6","Stegastes_flavilatus",-6.05106264171063,"1",392,604,0.46
"616","morphoPC6","Stegastes_leucostictus",-6.05106264171063,"1",392,604,0.46
"716","morphoPC6","Stegastes_otophorus",-6.05106264171063,"1",392,604,0.46
"1100","morphoPC6","Stegastes_partitus",-6.05106264171063,"1",392,604,0.46
"254","morphoPC6","Stegastes_pictus",-6.05106264171063,"1",392,604,0.46
"1015","morphoPC6","Stegastes_variabilis",-6.05106264171063,"1",392,604,0.46
"1114","morphoPC6","Stegastes_xanthurus",-6.05106264171063,"1",392,604,0.46
"504","morphoPC6","Acanthochromis_polyacanthus",-9.13997982725199,"2",520,374,1
"523","morphoPC6","Altrichthys_alelia",-9.13997982725199,"2",520,374,1
"533","morphoPC6","Altrichthys_azurelineatus",-9.13997982725199,"2",520,374,1
"517","morphoPC6","Altrichthys_curatus",-9.13997982725199,"2",520,374,1
"633","morphoPC6","Amblyglyphidodon_aureus",-9.13997982725199,"2",520,374,1
"617","morphoPC6","Amblyglyphidodon_batunaorum",-9.13997982725199,"2",520,374,1
"663","morphoPC6","Amblyglyphidodon_curacao",-9.13997982725199,"2",520,374,1
"653","morphoPC6","Amblyglyphidodon_flavilatus",-9.13997982725199,"2",520,374,1
"643","morphoPC6","Amblyglyphidodon_flavopurpureus",-9.13997982725199,"2",520,374,1
"673","morphoPC6","Amblyglyphidodon_indicus",-9.13997982725199,"2",520,374,1
"703","morphoPC6","Amblyglyphidodon_leucogaster",-9.13997982725199,"2",520,374,1
"693","morphoPC6","Amblyglyphidodon_melanopterus",-9.13997982725199,"2",520,374,1
"683","morphoPC6","Amblyglyphidodon_orbicularis",-9.13997982725199,"2",520,374,1
"717","morphoPC6","Amblyglyphidodon_silolona",-9.13997982725199,"2",520,374,1
"623","morphoPC6","Amblyglyphidodon_ternatensis",-9.13997982725199,"2",520,374,1
"1181","morphoPC6","Amblypomacentrus_annulatus",-9.13997982725199,"2",520,374,1
"1191","morphoPC6","Amblypomacentrus_breviceps",-9.13997982725199,"2",520,374,1
"1201","morphoPC6","Amblypomacentrus_clarus",-9.13997982725199,"2",520,374,1
"1214","morphoPC6","Amblypomacentrus_kuiteri",-9.13997982725199,"2",520,374,1
"1221","morphoPC6","Amblypomacentrus_tricinctus",-9.13997982725199,"2",520,374,1
"962","morphoPC6","Amphiprion_akallopisos",-9.13997982725199,"2",520,374,1
"1052","morphoPC6","Amphiprion_akindynos",-9.13997982725199,"2",520,374,1
"1132","morphoPC6","Amphiprion_allardi",-9.13997982725199,"2",520,374,1
"1016","morphoPC6","Amphiprion_barberi",-9.13997982725199,"2",520,374,1
"902","morphoPC6","Amphiprion_biaculeatus",-9.13997982725199,"2",520,374,1
"1092","morphoPC6","Amphiprion_bicinctus",-9.13997982725199,"2",520,374,1
"1072","morphoPC6","Amphiprion_chagosensis",-9.13997982725199,"2",520,374,1
"1151","morphoPC6","Amphiprion_chrysogaster",-9.13997982725199,"2",520,374,1
"1161","morphoPC6","Amphiprion_chrysopterus",-9.13997982725199,"2",520,374,1
"942","morphoPC6","Amphiprion_clarkii",-9.13997982725199,"2",520,374,1
"1002","morphoPC6","Amphiprion_ephippium",-9.13997982725199,"2",520,374,1
"1022","morphoPC6","Amphiprion_frenatus",-9.13997982725199,"2",520,374,1
"932","morphoPC6","Amphiprion_latezonatus",-9.13997982725199,"2",520,374,1
"1142","morphoPC6","Amphiprion_latifasciatus",-9.13997982725199,"2",520,374,1
"1171","morphoPC6","Amphiprion_leucokranos",-9.13997982725199,"2",520,374,1
"1062","morphoPC6","Amphiprion_mccullochi",-9.13997982725199,"2",520,374,1
"1032","morphoPC6","Amphiprion_melanopus",-9.13997982725199,"2",520,374,1
"1082","morphoPC6","Amphiprion_nigripes",-9.13997982725199,"2",520,374,1
"916","morphoPC6","Amphiprion_ocellaris",-9.13997982725199,"2",520,374,1
"1102","morphoPC6","Amphiprion_omanensis",-9.13997982725199,"2",520,374,1
"982","morphoPC6","Amphiprion_pacificus",-9.13997982725199,"2",520,374,1
"922","morphoPC6","Amphiprion_percula",-9.13997982725199,"2",520,374,1
"972","morphoPC6","Amphiprion_perideraion",-9.13997982725199,"2",520,374,1
"1115","morphoPC6","Amphiprion_polymnus",-9.13997982725199,"2",520,374,1
"1042","morphoPC6","Amphiprion_rubrocinctus",-9.13997982725199,"2",520,374,1
"992","morphoPC6","Amphiprion_sandaracinos",-9.13997982725199,"2",520,374,1
"1122","morphoPC6","Amphiprion_sebae",-9.13997982725199,"2",520,374,1
"952","morphoPC6","Amphiprion_tricinctus",-9.13997982725199,"2",520,374,1
"284","morphoPC6","Cheiloprion_labiatus",-9.13997982725199,"2",520,374,1
"1510","morphoPC6","Chrysiptera_biocellata",-9.13997982725199,"2",520,374,1
"1610","morphoPC6","Chrysiptera_brownriggii",-9.13997982725199,"2",520,374,1
"464","morphoPC6","Chrysiptera_burtjonesi",-9.13997982725199,"2",520,374,1
"1910","morphoPC6","Chrysiptera_caeruleolineata",-9.13997982725199,"2",520,374,1
"364","morphoPC6","Chrysiptera_caesifrons",-9.13997982725199,"2",520,374,1
"374","morphoPC6","Chrysiptera_chrysocephala",-9.13997982725199,"2",520,374,1
"334","morphoPC6","Chrysiptera_cyanea",-9.13997982725199,"2",520,374,1
"424","morphoPC6","Chrysiptera_ellenae",-9.13997982725199,"2",520,374,1
"304","morphoPC6","Chrysiptera_flavipinnis",-9.13997982725199,"2",520,374,1
"1215","morphoPC6","Chrysiptera_galba",-9.13997982725199,"2",520,374,1
"384","morphoPC6","Chrysiptera_giti",-9.13997982725199,"2",520,374,1
"1810","morphoPC6","Chrysiptera_glauca",-9.13997982725199,"2",520,374,1
"394","morphoPC6","Chrysiptera_hemicyanea",-9.13997982725199,"2",520,374,1
"1710","morphoPC6","Chrysiptera_leucopoma",-9.13997982725199,"2",520,374,1
"474","morphoPC6","Chrysiptera_maurineae",-9.13997982725199,"2",520,374,1
"434","morphoPC6","Chrysiptera_oxycephala",-9.13997982725199,"2",520,374,1
"454","morphoPC6","Chrysiptera_papuensis",-9.13997982725199,"2",520,374,1
"404","morphoPC6","Chrysiptera_parasema",-9.13997982725199,"2",520,374,1
"1314","morphoPC6","Chrysiptera_rapanui",-9.13997982725199,"2",520,374,1
"354","morphoPC6","Chrysiptera_rex",-9.13997982725199,"2",520,374,1
"294","morphoPC6","Chrysiptera_rollandi",-9.13997982725199,"2",520,374,1
"484","morphoPC6","Chrysiptera_sinclairi",-9.13997982725199,"2",520,374,1
"418","morphoPC6","Chrysiptera_springeri",-9.13997982725199,"2",520,374,1
"1410","morphoPC6","Chrysiptera_starcki",-9.13997982725199,"2",520,374,1
"318","morphoPC6","Chrysiptera_talboti",-9.13997982725199,"2",520,374,1
"344","morphoPC6","Chrysiptera_taupou",-9.13997982725199,"2",520,374,1
"324","morphoPC6","Chrysiptera_traceyi",-9.13997982725199,"2",520,374,1
"2010","morphoPC6","Chrysiptera_unimaculata",-9.13997982725199,"2",520,374,1
"444","morphoPC6","Chrysiptera_uswanasi",-9.13997982725199,"2",520,374,1
"255","morphoPC6","Dischistodus_chrysopoecilus",-9.13997982725199,"2",520,374,1
"2310","morphoPC6","Dischistodus_melanotus",-9.13997982725199,"2",520,374,1
"264","morphoPC6","Dischistodus_perspicillatus",-9.13997982725199,"2",520,374,1
"274","morphoPC6","Dischistodus_prosopotaenia",-9.13997982725199,"2",520,374,1
"2410","morphoPC6","Dischistodus_pseudochrysopoecilus",-9.13997982725199,"2",520,374,1
"494","morphoPC6","Hemiglyphidodon_plagiometopon",-9.13997982725199,"2",520,374,1
"563","morphoPC6","Neoglyphidodon_bonang",-9.13997982725199,"2",520,374,1
"583","morphoPC6","Neoglyphidodon_carlsoni",-9.13997982725199,"2",520,374,1
"573","morphoPC6","Neoglyphidodon_melas",-9.13997982725199,"2",520,374,1
"593","morphoPC6","Neoglyphidodon_nigroris",-9.13997982725199,"2",520,374,1
"543","morphoPC6","Neoglyphidodon_oxyodon",-9.13997982725199,"2",520,374,1
"553","morphoPC6","Neoglyphidodon_polyacanthus",-9.13997982725199,"2",520,374,1
"603","morphoPC6","Neoglyphidodon_thoracotaeniatus",-9.13997982725199,"2",520,374,1
"862","morphoPC6","Neopomacentrus_aktites",-9.13997982725199,"2",520,374,1
"842","morphoPC6","Neopomacentrus_anabatoides",-9.13997982725199,"2",520,374,1
"832","morphoPC6","Neopomacentrus_aquadulcis",-9.13997982725199,"2",520,374,1
"817","morphoPC6","Neopomacentrus_azysron",-9.13997982725199,"2",520,374,1
"882","morphoPC6","Neopomacentrus_bankieri",-9.13997982725199,"2",520,374,1
"783","morphoPC6","Neopomacentrus_cyanomos",-9.13997982725199,"2",520,374,1
"872","morphoPC6","Neopomacentrus_filamentosus",-9.13997982725199,"2",520,374,1
"743","morphoPC6","Neopomacentrus_fuliginosus",-9.13997982725199,"2",520,374,1
"803","morphoPC6","Neopomacentrus_metallicus",-9.13997982725199,"2",520,374,1
"763","morphoPC6","Neopomacentrus_miryae",-9.13997982725199,"2",520,374,1
"793","morphoPC6","Neopomacentrus_nemurus",-9.13997982725199,"2",520,374,1
"773","morphoPC6","Neopomacentrus_sindensis",-9.13997982725199,"2",520,374,1
"822","morphoPC6","Neopomacentrus_sororius",-9.13997982725199,"2",520,374,1
"892","morphoPC6","Neopomacentrus_taeniurus",-9.13997982725199,"2",520,374,1
"852","morphoPC6","Neopomacentrus_violascens",-9.13997982725199,"2",520,374,1
"753","morphoPC6","Neopomacentrus_xanthurus",-9.13997982725199,"2",520,374,1
"1461","morphoPC6","Pomacentrus_adelus",-9.13997982725199,"2",520,374,1
"1641","morphoPC6","Pomacentrus_albiaxillaris",-9.13997982725199,"2",520,374,1
"1351","morphoPC6","Pomacentrus_albicaudatus",-9.13997982725199,"2",520,374,1
"165","morphoPC6","Pomacentrus_alexanderae",-9.13997982725199,"2",520,374,1
"1315","morphoPC6","Pomacentrus_alleni",-9.13997982725199,"2",520,374,1
"1501","morphoPC6","Pomacentrus_amboinensis",-9.13997982725199,"2",520,374,1
"1391","morphoPC6","Pomacentrus_aquilus",-9.13997982725199,"2",520,374,1
"1401","morphoPC6","Pomacentrus_arabicus",-9.13997982725199,"2",520,374,1
"1531","morphoPC6","Pomacentrus_armillatus",-9.13997982725199,"2",520,374,1
"167","morphoPC6","Pomacentrus_aurifrons",-9.13997982725199,"2",520,374,1
"1261","morphoPC6","Pomacentrus_auriventris",-9.13997982725199,"2",520,374,1
"157","morphoPC6","Pomacentrus_australis",-9.13997982725199,"2",520,374,1
"1412","morphoPC6","Pomacentrus_baenschi",-9.13997982725199,"2",520,374,1
"1541","morphoPC6","Pomacentrus_bankanensis",-9.13997982725199,"2",520,374,1
"169","morphoPC6","Pomacentrus_brachialis",-9.13997982725199,"2",520,374,1
"1331","morphoPC6","Pomacentrus_burroughi",-9.13997982725199,"2",520,374,1
"1321","morphoPC6","Pomacentrus_caeruleopunctatus",-9.13997982725199,"2",520,374,1
"1301","morphoPC6","Pomacentrus_caeruleus",-9.13997982725199,"2",520,374,1
"1711","morphoPC6","Pomacentrus_callainus",-9.13997982725199,"2",520,374,1
"177","morphoPC6","Pomacentrus_chrysurus",-9.13997982725199,"2",520,374,1
"1271","morphoPC6","Pomacentrus_coelestis",-9.13997982725199,"2",520,374,1
"1621","morphoPC6","Pomacentrus_flavioculus",-9.13997982725199,"2",520,374,1
"160","morphoPC6","Pomacentrus_flavoaxillaris",-9.13997982725199,"2",520,374,1
"1471","morphoPC6","Pomacentrus_geminospilus",-9.13997982725199,"2",520,374,1
"1341","morphoPC6","Pomacentrus_grammorhynchus",-9.13997982725199,"2",520,374,1
"1631","morphoPC6","Pomacentrus_imitator",-9.13997982725199,"2",520,374,1
"1721","morphoPC6","Pomacentrus_lepidogenys",-9.13997982725199,"2",520,374,1
"1241","morphoPC6","Pomacentrus_leptus",-9.13997982725199,"2",520,374,1
"1481","morphoPC6","Pomacentrus_littoralis",-9.13997982725199,"2",520,374,1
"1491","morphoPC6","Pomacentrus_maafu",-9.13997982725199,"2",520,374,1
"1611","morphoPC6","Pomacentrus_magniseptus",-9.13997982725199,"2",520,374,1
"1431","morphoPC6","Pomacentrus_melanochir",-9.13997982725199,"2",520,374,1
"1281","morphoPC6","Pomacentrus_micronesicus",-9.13997982725199,"2",520,374,1
"175","morphoPC6","Pomacentrus_microspilus",-9.13997982725199,"2",520,374,1
"176","morphoPC6","Pomacentrus_milleri",-9.13997982725199,"2",520,374,1
"1511","morphoPC6","Pomacentrus_moluccensis",-9.13997982725199,"2",520,374,1
"178","morphoPC6","Pomacentrus_nagasakiensis",-9.13997982725199,"2",520,374,1
"159","morphoPC6","Pomacentrus_nigriradiatus",-9.13997982725199,"2",520,374,1
"170","morphoPC6","Pomacentrus_nigromanus",-9.13997982725199,"2",520,374,1
"166","morphoPC6","Pomacentrus_nigromarginatus",-9.13997982725199,"2",520,374,1
"1251","morphoPC6","Pomacentrus_pavo",-9.13997982725199,"2",520,374,1
"158","morphoPC6","Pomacentrus_philippinus",-9.13997982725199,"2",520,374,1
"1731","morphoPC6","Pomacentrus_reidi",-9.13997982725199,"2",520,374,1
"1291","morphoPC6","Pomacentrus_similis",-9.13997982725199,"2",520,374,1
"168","morphoPC6","Pomacentrus_smithi",-9.13997982725199,"2",520,374,1
"1521","morphoPC6","Pomacentrus_spilotoceps",-9.13997982725199,"2",520,374,1
"1741","morphoPC6","Pomacentrus_stigma",-9.13997982725199,"2",520,374,1
"1361","morphoPC6","Pomacentrus_sulfureus",-9.13997982725199,"2",520,374,1
"1441","morphoPC6","Pomacentrus_taeniometopon",-9.13997982725199,"2",520,374,1
"1371","morphoPC6","Pomacentrus_trichrourus",-9.13997982725199,"2",520,374,1
"1421","morphoPC6","Pomacentrus_trilineatus",-9.13997982725199,"2",520,374,1
"1451","morphoPC6","Pomacentrus_tripunctatus",-9.13997982725199,"2",520,374,1
"155","morphoPC6","Pomacentrus_vaiuli",-9.13997982725199,"2",520,374,1
"1381","morphoPC6","Pomacentrus_vatosoa",-9.13997982725199,"2",520,374,1
"156","morphoPC6","Pomacentrus_wardi",-9.13997982725199,"2",520,374,1
"1231","morphoPC6","Pomacentrus_xanthosternus",-9.13997982725199,"2",520,374,1
"2110","morphoPC6","Pomachromis_fuscidorsalis",-9.13997982725199,"2",520,374,1
"2210","morphoPC6","Pomachromis_richardsoni",-9.13997982725199,"2",520,374,1
"723","morphoPC6","Pristotis_obtusirostris",-9.13997982725199,"2",520,374,1
"229","morphoPC6","Pycnochromis_abruptus",-7.73299971453323,"2",429,522,0.72
"2231","morphoPC6","Pycnochromis_alleni",-7.73299971453323,"2",429,522,0.72
"238","morphoPC6","Pycnochromis_amboinensis",-7.73299971453323,"2",429,522,0.72
"225","morphoPC6","Pycnochromis_atripes",-7.73299971453323,"2",429,522,0.72
"235","morphoPC6","Pycnochromis_caudalis",-7.73299971453323,"2",429,522,0.72
"224","morphoPC6","Pycnochromis_delta",-7.73299971453323,"2",429,522,0.72
"228","morphoPC6","Pycnochromis_dimidiatus",-7.73299971453323,"2",429,522,0.72
"236","morphoPC6","Pycnochromis_fatuhivae",-7.73299971453323,"2",429,522,0.72
"227","morphoPC6","Pycnochromis_fieldi",-7.73299971453323,"2",429,522,0.72
"226","morphoPC6","Pycnochromis_hanui",-7.73299971453323,"2",429,522,0.72
"239","morphoPC6","Pycnochromis_howsoni",-7.73299971453323,"2",429,522,0.72
"2321","morphoPC6","Pycnochromis_iomelas",-7.73299971453323,"2",429,522,0.72
"2331","morphoPC6","Pycnochromis_leucurus",-7.73299971453323,"2",429,522,0.72
"230","morphoPC6","Pycnochromis_margaritifer",-7.73299971453323,"2",429,522,0.72
"237","morphoPC6","Pycnochromis_ovatiformis",-7.73299971453323,"2",429,522,0.72
"2311","morphoPC6","Pycnochromis_pacifica",-7.73299971453323,"2",429,522,0.72
"234","morphoPC6","Pycnochromis_retrofasciatus",-7.73299971453323,"2",429,522,0.72
"733","morphoPC6","Teixeirichthys_jordani",-9.13997982725199,"2",520,374,1
"195","morphoPC6","Abudefduf_abdominalis",5.66509633121389,"3",500,373,0.8
"186","morphoPC6","Abudefduf_bengalensis",5.66509633121389,"3",500,373,0.8
"1911","morphoPC6","Abudefduf_caudobimaculatus",5.66509633121389,"3",500,373,0.8
"180","morphoPC6","Abudefduf_concolor",5.66509633121389,"3",500,373,0.8
"1931","morphoPC6","Abudefduf_conformis",5.66509633121389,"3",500,373,0.8
"179","morphoPC6","Abudefduf_declivifrons",5.66509633121389,"3",500,373,0.8
"196","morphoPC6","Abudefduf_hoefleri",5.66509633121389,"3",500,373,0.8
"197","morphoPC6","Abudefduf_lorenzi",5.66509633121389,"3",500,373,0.8
"189","morphoPC6","Abudefduf_margariteus",5.66509633121389,"3",500,373,0.8
"190","morphoPC6","Abudefduf_natalensis",5.66509633121389,"3",500,373,0.8
"187","morphoPC6","Abudefduf_nigrimargo",5.66509633121389,"3",500,373,0.8
"1831","morphoPC6","Abudefduf_notatus",5.66509633121389,"3",500,373,0.8
"198","morphoPC6","Abudefduf_saxatilis",5.66509633121389,"3",500,373,0.8
"1821","morphoPC6","Abudefduf_septemfasciatus",5.66509633121389,"3",500,373,0.8
"1941","morphoPC6","Abudefduf_sexfasciatus",5.66509633121389,"3",500,373,0.8
"1841","morphoPC6","Abudefduf_sordidus",5.66509633121389,"3",500,373,0.8
"188","morphoPC6","Abudefduf_sparoides",5.66509633121389,"3",500,373,0.8
"1811","morphoPC6","Abudefduf_taurus",5.66509633121389,"3",500,373,0.8
"199","morphoPC6","Abudefduf_troschelii",5.66509633121389,"3",500,373,0.8
"1921","morphoPC6","Abudefduf_vaigiensis",5.66509633121389,"3",500,373,0.8
"185","morphoPC6","Abudefduf_whitleyi",5.66509633121389,"3",500,373,0.8
"200","morphoPC6","Azurina_brevirostris",-21.282066455722,"4",59,563,0.92
"2041","morphoPC6","Chrysiptera_galba",-14.4489483930206,"4",523,327,0.95
"205","morphoPC6","Chrysiptera_rapanui",-14.4489483930206,"4",523,327,0.95
"206","morphoPC6","Chrysiptera_starcki",-14.4489483930206,"4",523,327,0.95
"2011","morphoPC6","Lepidozygus_tapeinosoma",-18.3970981004461,"4",32,619,0.69
"2161","morphoPC6","Pomacentrus_alleni",-10.8020765338153,"4",633,107,0.96
"2111","morphoPC6","Pomacentrus_auriventris",-10.8020765338153,"4",633,107,0.96
"2171","morphoPC6","Pomacentrus_caeruleopunctatus",-10.8020765338153,"4",633,107,0.96
"2151","morphoPC6","Pomacentrus_caeruleus",-10.8020765338153,"4",633,107,0.96
"2121","morphoPC6","Pomacentrus_coelestis",-10.8020765338153,"4",633,107,0.96
"209","morphoPC6","Pomacentrus_leptus",-10.8020765338153,"4",633,107,0.96
"2131","morphoPC6","Pomacentrus_micronesicus",-10.8020765338153,"4",633,107,0.96
"2101","morphoPC6","Pomacentrus_pavo",-10.8020765338153,"4",633,107,0.96
"2141","morphoPC6","Pomacentrus_similis",-10.8020765338153,"4",633,107,0.96
"2021","morphoPC6","Pristotis_obtusirostris",-13.1767425852452,"4",583,207,0.64
"2031","morphoPC6","Teixeirichthys_jordani",-13.1767425852452,"4",583,207,0.64
"207","morphoPC6","Chrysiptera_rollandi",19.5134042848473,"5",194,291,0.74
"208","morphoPC6","Pomacentrus_australis",-17.9419457837069,"6",322,41,0.66
"240","morphoPC6","Acanthochromis_polyacanthus",8.97909234874995,"7",560,253,0.94
"2421","morphoPC6","Altrichthys_alelia",8.97909234874995,"7",560,253,0.94
"2431","morphoPC6","Altrichthys_azurelineatus",8.97909234874995,"7",560,253,0.94
"2411","morphoPC6","Altrichthys_curatus",8.97909234874995,"7",560,253,0.94
"220","morphoPC6","Dischistodus_chrysopoecilus",9.34178164161752,"7",533,310,0.76
"218","morphoPC6","Dischistodus_melanotus",9.34178164161752,"7",533,310,0.76
"2211","morphoPC6","Dischistodus_perspicillatus",9.34178164161752,"7",533,310,0.76
"2221","morphoPC6","Dischistodus_prosopotaenia",9.34178164161752,"7",533,310,0.76
"219","morphoPC6","Dischistodus_pseudochrysopoecilus",9.34178164161752,"7",533,310,0.76
"246","morphoPC6","Neoglyphidodon_bonang",8.97909234874995,"7",560,253,0.94
"248","morphoPC6","Neoglyphidodon_carlsoni",8.97909234874995,"7",560,253,0.94
"247","morphoPC6","Neoglyphidodon_melas",8.97909234874995,"7",560,253,0.94
"249","morphoPC6","Neoglyphidodon_nigroris",8.97909234874995,"7",560,253,0.94
"244","morphoPC6","Neoglyphidodon_oxyodon",8.97909234874995,"7",560,253,0.94
"245","morphoPC6","Neoglyphidodon_polyacanthus",8.97909234874995,"7",560,253,0.94
"250","morphoPC6","Neoglyphidodon_thoracotaeniatus",8.97909234874995,"7",560,253,0.94
"1103","morphoPC7","Lepidozygus_tapeinosoma",-17.2927645316295,"1",32,619,0.65
"256","morphoPC7","Azurina_cyanea",8.98012853733885,"2",413,552,0.26
"319","morphoPC7","Azurina_elerae",8.98012853733885,"2",413,552,0.26
"419","morphoPC7","Azurina_lepidolepis",8.98012853733885,"2",413,552,0.26
"684","morphoPC7","Chromis_abyssicola",3.90930229622127,"3",445,556,0.55
"833","morphoPC7","Chromis_abyssus",3.90930229622127,"3",445,556,0.55
"1063","morphoPC7","Chromis_albicauda",3.90930229622127,"3",445,556,0.55
"823","morphoPC7","Chromis_albomaculata",3.90930229622127,"3",445,556,0.55
"983","morphoPC7","Chromis_alpha",3.90930229622127,"3",445,556,0.55
"873","morphoPC7","Chromis_alta",3.90930229622127,"3",445,556,0.55
"1043","morphoPC7","Chromis_anadema",3.90930229622127,"3",445,556,0.55
"1073","morphoPC7","Chromis_analis",3.90930229622127,"3",445,556,0.55
"1003","morphoPC7","Chromis_bowesi",3.90930229622127,"3",445,556,0.55
"963","morphoPC7","Chromis_cadenati",3.90930229622127,"3",445,556,0.55
"953","morphoPC7","Chromis_chromis",3.90930229622127,"3",445,556,0.55
"654","morphoPC7","Chromis_chrysura",3.90930229622127,"3",445,556,0.55
"1133","morphoPC7","Chromis_cinerascens",3.90930229622127,"3",445,556,0.55
"843","morphoPC7","Chromis_circumaurea",3.90930229622127,"3",445,556,0.55
"853","morphoPC7","Chromis_crusma",3.90930229622127,"3",445,556,0.55
"993","morphoPC7","Chromis_degruyi",3.90930229622127,"3",445,556,0.55
"634","morphoPC7","Chromis_dispila",3.90930229622127,"3",445,556,0.55
"1017","morphoPC7","Chromis_earina",3.90930229622127,"3",445,556,0.55
"893","morphoPC7","Chromis_enchrysura",3.90930229622127,"3",445,556,0.55
"1083","morphoPC7","Chromis_flavapicis",3.90930229622127,"3",445,556,0.55
"724","morphoPC7","Chromis_fumea",3.90930229622127,"3",445,556,0.55
"1123","morphoPC7","Chromis_gunting",3.90930229622127,"3",445,556,0.55
"1093","morphoPC7","Chromis_hangganan",3.90930229622127,"3",445,556,0.55
"644","morphoPC7","Chromis_hypsilepis",3.90930229622127,"3",445,556,0.55
"917","morphoPC7","Chromis_insolata",3.90930229622127,"3",445,556,0.55
"794","morphoPC7","Chromis_katoi",3.90930229622127,"3",445,556,0.55
"804","morphoPC7","Chromis_kennensis",3.90930229622127,"3",445,556,0.55
"744","morphoPC7","Chromis_klunzingeri",3.90930229622127,"3",445,556,0.55
"943","morphoPC7","Chromis_limbata",3.90930229622127,"3",445,556,0.55
"883","morphoPC7","Chromis_limbaughi",3.90930229622127,"3",445,556,0.55
"933","morphoPC7","Chromis_lubbocki",3.90930229622127,"3",445,556,0.55
"694","morphoPC7","Chromis_mamatapara",3.90930229622127,"3",445,556,0.55
"664","morphoPC7","Chromis_mirationis",3.90930229622127,"3",445,556,0.55
"734","morphoPC7","Chromis_nitida",3.90930229622127,"3",445,556,0.55
"774","morphoPC7","Chromis_notata",3.90930229622127,"3",445,556,0.55
"704","morphoPC7","Chromis_okamurai",3.90930229622127,"3",445,556,0.55
"1033","morphoPC7","Chromis_opercularis",3.90930229622127,"3",445,556,0.55
"784","morphoPC7","Chromis_ovalis",3.90930229622127,"3",445,556,0.55
"754","morphoPC7","Chromis_pamae",3.90930229622127,"3",445,556,0.55
"674","morphoPC7","Chromis_pelloura",3.90930229622127,"3",445,556,0.55
"1104","morphoPC7","Chromis_pembae",3.90930229622127,"3",445,556,0.55
"863","morphoPC7","Chromis_punctipinnis",3.90930229622127,"3",445,556,0.55
"764","morphoPC7","Chromis_randalli",3.90930229622127,"3",445,556,0.55
"973","morphoPC7","Chromis_sanctaehelenae",3.90930229622127,"3",445,556,0.55
"1143","morphoPC7","Chromis_scotochiloptera",3.90930229622127,"3",445,556,0.55
"923","morphoPC7","Chromis_scotti",3.90930229622127,"3",445,556,0.55
"718","morphoPC7","Chromis_tingting",3.90930229622127,"3",445,556,0.55
"903","morphoPC7","Chromis_vanbebberae",3.90930229622127,"3",445,556,0.55
"1023","morphoPC7","Chromis_verater",3.90930229622127,"3",445,556,0.55
"1162","morphoPC7","Chromis_weberi",3.90930229622127,"3",445,556,0.55
"1116","morphoPC7","Chromis_woodsi",3.90930229622127,"3",445,556,0.55
"1152","morphoPC7","Chromis_xanthochira",3.90930229622127,"3",445,556,0.55
"1172","morphoPC7","Chromis_xanthopterygia",3.90930229622127,"3",445,556,0.55
"1053","morphoPC7","Chromis_xanthura",3.90930229622127,"3",445,556,0.55
"818","morphoPC7","Chromis_yamakawai",3.90930229622127,"3",445,556,0.55
"1612","morphoPC7","Hypsypops_rubicundus",5.1845979697482,"3",345,683,0.68
"365","morphoPC7","Lepidozygus_tapeinosoma",5.1845979697482,"3",345,683,0.68
"518","morphoPC7","Mecaenichthys_immaculatus",5.1845979697482,"3",345,683,0.68
"1216","morphoPC7","Microspathodon_bairdii",5.1845979697482,"3",345,683,0.68
"1316","morphoPC7","Microspathodon_chrysurus",5.1845979697482,"3",345,683,0.68
"1413","morphoPC7","Microspathodon_dorsalis",5.1845979697482,"3",345,683,0.68
"1512","morphoPC7","Nexilosus_latifrons",5.1845979697482,"3",345,683,0.68
"918","morphoPC7","Parma_alboscapularis",5.1845979697482,"3",345,683,0.68
"618","morphoPC7","Parma_mccullochi",5.1845979697482,"3",345,683,0.68
"1018","morphoPC7","Parma_microlepis",5.1845979697482,"3",345,683,0.68
"1117","morphoPC7","Parma_occidentalis",5.1845979697482,"3",345,683,0.68
"819","morphoPC7","Parma_oligolepis",5.1845979697482,"3",345,683,0.68
"719","morphoPC7","Parma_victoriae",5.1845979697482,"3",345,683,0.68
"275","morphoPC7","Plectroglyphidodon_altus",5.1845979697482,"3",345,683,0.68
"285","morphoPC7","Plectroglyphidodon_apicalis",5.1845979697482,"3",345,683,0.68
"345","morphoPC7","Plectroglyphidodon_aureus",5.1845979697482,"3",345,683,0.68
"2412","morphoPC7","Plectroglyphidodon_dickii",5.1845979697482,"3",345,683,0.68
"335","morphoPC7","Plectroglyphidodon_emeryi",5.1845979697482,"3",345,683,0.68
"305","morphoPC7","Plectroglyphidodon_fasciolatus",5.1845979697482,"3",345,683,0.68
"325","morphoPC7","Plectroglyphidodon_gascoynei",5.1845979697482,"3",345,683,0.68
"1912","morphoPC7","Plectroglyphidodon_imparipennis",5.1845979697482,"3",345,683,0.68
"265","morphoPC7","Plectroglyphidodon_insularis",5.1845979697482,"3",345,683,0.68
"257","morphoPC7","Plectroglyphidodon_johnstonianus",5.1845979697482,"3",345,683,0.68
"2112","morphoPC7","Plectroglyphidodon_leucozonus",5.1845979697482,"3",345,683,0.68
"3110","morphoPC7","Plectroglyphidodon_luteobrunneus",5.1845979697482,"3",345,683,0.68
"355","morphoPC7","Plectroglyphidodon_marginatus",5.1845979697482,"3",345,683,0.68
"295","morphoPC7","Plectroglyphidodon_obreptus",5.1845979697482,"3",345,683,0.68
"2312","morphoPC7","Plectroglyphidodon_phoenixensis",5.1845979697482,"3",345,683,0.68
"2212","morphoPC7","Plectroglyphidodon_randalli",5.1845979697482,"3",345,683,0.68
"2012","morphoPC7","Plectroglyphidodon_sagmarius",5.1845979697482,"3",345,683,0.68
"1712","morphoPC7","Similiparma_hermani",5.1845979697482,"3",345,683,0.68
"1812","morphoPC7","Similiparma_lurida",5.1845979697482,"3",345,683,0.68
"485","morphoPC7","Stegastes_acapulcoensis",5.1845979697482,"3",345,683,0.68
"594","morphoPC7","Stegastes_adustus",5.1845979697482,"3",345,683,0.68
"425","morphoPC7","Stegastes_albifasciatus",5.1845979697482,"3",345,683,0.68
"445","morphoPC7","Stegastes_arcifrons",5.1845979697482,"3",345,683,0.68
"544","morphoPC7","Stegastes_baldwini",5.1845979697482,"3",345,683,0.68
"554","morphoPC7","Stegastes_beebei",5.1845979697482,"3",345,683,0.68
"604","morphoPC7","Stegastes_diencaeus",5.1845979697482,"3",345,683,0.68
"564","morphoPC7","Stegastes_flavilatus",5.1845979697482,"3",345,683,0.68
"455","morphoPC7","Stegastes_fuscus",5.1845979697482,"3",345,683,0.68
"465","morphoPC7","Stegastes_imbricatus",5.1845979697482,"3",345,683,0.68
"375","morphoPC7","Stegastes_lacrymatus",5.1845979697482,"3",345,683,0.68
"574","morphoPC7","Stegastes_leucostictus",5.1845979697482,"3",345,683,0.68
"435","morphoPC7","Stegastes_limbatus",5.1845979697482,"3",345,683,0.68
"395","morphoPC7","Stegastes_lividus",5.1845979697482,"3",345,683,0.68
"4110","morphoPC7","Stegastes_nigricans",5.1845979697482,"3",345,683,0.68
"584","morphoPC7","Stegastes_otophorus",5.1845979697482,"3",345,683,0.68
"524","morphoPC7","Stegastes_partitus",5.1845979697482,"3",345,683,0.68
"385","morphoPC7","Stegastes_pelicieri",5.1845979697482,"3",345,683,0.68
"534","morphoPC7","Stegastes_pictus",5.1845979697482,"3",345,683,0.68
"475","morphoPC7","Stegastes_planifrons",5.1845979697482,"3",345,683,0.68
"405","morphoPC7","Stegastes_punctatus",5.1845979697482,"3",345,683,0.68
"495","morphoPC7","Stegastes_rectifraenum",5.1845979697482,"3",345,683,0.68
"505","morphoPC7","Stegastes_rocasensis",5.1845979697482,"3",345,683,0.68
"519","morphoPC7","Stegastes_sanctipauli",5.1845979697482,"3",345,683,0.68
"619","morphoPC7","Stegastes_variabilis",5.1845979697482,"3",345,683,0.68
"624","morphoPC7","Stegastes_xanthurus",5.1845979697482,"3",345,683,0.68
"1105","morphoPC8","Amphiprion_bicinctus",11.9882181994496,"1",620,133,0.78
"258","morphoPC8","Amphiprion_omanensis",11.9882181994496,"1",620,133,0.78
"320","morphoPC8","Chrysiptera_rollandi",16.2528299908105,"2",194,291,0.94
"420","morphoPC8","Chromis_cadenati",-13.9497475476494,"3",134,413,0.7
