"","DietEcotype","Symbiosis","Habitat","source1","source2","source3"
"Abudefduf_abdominalis","I","No","rocky-reef","https://www.fishbase.se/summary/Abudefduf-abdominalis.html","ReefLifeSurvey, FishesOfAustralia, Reeflex",""
"Abudefduf_bengalensis","B","No","rocky-reef","https://www.fishbase.se/summary/Abudefduf-bengalensis.html","ReefLifeSurvey, FishesOfAustralia, Reeflex",""
"Abudefduf_caudobimaculatus","I","No","rocky-reef",NA,"ReefLifeSurvey, FishesOfAustralia, Reeflex",""
"Abudefduf_concolor","B","No","rocky-reef","https://www.fishbase.se/summary/Abudefduf-concolor.html","ReefLifeSurvey, FishesOfAustralia, Reeflex",""
"Abudefduf_conformis","I","No","rocky-reef","https://www.fishbase.se/summary/Abudefduf-conformis.html","ReefLifeSurvey, FishesOfAustralia, Reeflex",""
"Abudefduf_declivifrons","B","No","rocky-reef","https://www.fishbase.se/summary/Abudefduf-declivifrons.html","ReefLifeSurvey, FishesOfAustralia, Reeflex",""
"Abudefduf_hoefleri","I","No","coral-reef","https://www.fishbase.se/summary/Abudefduf-hoefleri.html","ReefLifeSurvey, FishesOfAustralia, Reeflex","Bosch et al. 2022"
"Abudefduf_lorenzi","I","No","coral-reef","https://www.fishbase.se/summary/Abudefduf-lorenzi.html","ReefLifeSurvey, FishesOfAustralia, Reeflex",""
"Abudefduf_margariteus","I","No","rocky-reef","https://www.fishbase.se/summary/Abudefduf-margariteus.html","ReefLifeSurvey, FishesOfAustralia, Reeflex",""
"Abudefduf_natalensis","B","No","rocky-reef","https://www.fishbase.se/summary/Abudefduf-natalensis.html","ReefLifeSurvey, FishesOfAustralia, Reeflex",""
"Abudefduf_nigrimargo","P","No","rocky-reef","https://www.fishbase.se/summary/Abudefduf-nigrimargo.html","ReefLifeSurvey, FishesOfAustralia, Reeflex",""
"Abudefduf_notatus","B","No","rocky-reef","https://www.fishbase.se/summary/Abudefduf-notatus.html","ReefLifeSurvey, FishesOfAustralia, Reeflex",""
"Abudefduf_saxatilis","I","No","seagrass-rubble-sand","https://www.fishbase.se/summary/Abudefduf-saxatilis.html","ReefLifeSurvey, FishesOfAustralia, Reeflex","Bosch et al. 2022"
"Abudefduf_septemfasciatus","B","No","coral-reef","https://www.fishbase.se/summary/Abudefduf-septemfasciatus.html","ReefLifeSurvey, FishesOfAustralia, Reeflex",""
"Abudefduf_sexfasciatus","I","No","rocky-reef","https://www.fishbase.se/summary/Abudefduf-sexfasciatus.html","ReefLifeSurvey, FishesOfAustralia, Reeflex",""
"Abudefduf_sordidus","B","No","rocky-reef","https://www.fishbase.se/summary/Abudefduf-sordidus.html","ReefLifeSurvey, FishesOfAustralia, Reeflex",""
"Abudefduf_sparoides","P","No","rocky-reef","https://www.fishbase.se/summary/Abudefduf-sparoides.html","ReefLifeSurvey, FishesOfAustralia, Reeflex",""
"Abudefduf_taurus","B","No","coral-reef","https://www.fishbase.se/summary/Abudefduf-taurus.html","ReefLifeSurvey, FishesOfAustralia, Reeflex","Bosch et al. 2022"
"Abudefduf_troschelii","I","No","seagrass-rubble-sand","https://www.fishbase.se/summary/Abudefduf-troschelii.html","ReefLifeSurvey, FishesOfAustralia, Reeflex",""
"Abudefduf_vaigiensis","I","No","rocky-reef","https://www.fishbase.se/summary/Abudefduf-vaigiensis.html","ReefLifeSurvey, FishesOfAustralia, Reeflex",""
"Abudefduf_whitleyi","I","No","coral-reef","https://www.fishbase.se/summary/Abudefduf-whitleyi.html","ReefLifeSurvey, FishesOfAustralia, Reeflex",""
"Acanthochromis_polyacanthus","I","No","coral-reef","https://www.fishbase.se/summary/Acanthochromis-polyacanthus.html","ReefLifeSurvey, FishesOfAustralia, Reeflex",""
"Altrichthys_alelia","I","No","coral-reef","https://www.fishbase.se/summary/Altrichthys-alelia.html","ReefLifeSurvey, FishesOfAustralia, Reeflex",""
"Altrichthys_azurelineatus","I","No","coral-reef","https://www.fishbase.se/summary/Altrichthys-azurelineatus.html","ReefLifeSurvey, FishesOfAustralia, Reeflex",""
"Altrichthys_curatus","P","No","coral-reef","https://www.fishbase.se/summary/Altrichthys-curatus.html","ReefLifeSurvey, FishesOfAustralia, Reeflex",""
"Amblyglyphidodon_aureus","P","No","coral-reef","https://www.fishbase.se/summary/Amblyglyphidodon-aureus.html","ReefLifeSurvey, FishesOfAustralia, Reeflex",""
"Amblyglyphidodon_batunaorum","I","No","coral-reef","https://www.fishbase.se/summary/Amblyglyphidodon-batunaorum.html","ReefLifeSurvey, FishesOfAustralia, Reeflex",""
"Amblyglyphidodon_curacao","I","No","coral-reef","https://www.fishbase.se/summary/Amblyglyphidodon-curacao.html","ReefLifeSurvey, FishesOfAustralia, Reeflex",""
"Amblyglyphidodon_flavilatus","I","No","coral-reef","https://www.fishbase.se/summary/Amblyglyphidodon-flavilatus.html","ReefLifeSurvey, FishesOfAustralia, Reeflex",""
"Amblyglyphidodon_flavopurpureus","P","No","coral-reef","https://www.fishbase.se/summary/Amblyglyphidodon-flavopurpureus.html","ReefLifeSurvey, FishesOfAustralia, Reeflex",""
"Amblyglyphidodon_indicus","I","No","coral-reef","https://www.fishbase.se/summary/Amblyglyphidodon-indicus.html","ReefLifeSurvey, FishesOfAustralia, Reeflex",""
"Amblyglyphidodon_leucogaster","P","No","coral-reef","https://www.fishbase.se/summary/Amblyglyphidodon-leucogaster.html","ReefLifeSurvey, FishesOfAustralia, Reeflex",""
"Amblyglyphidodon_melanopterus","P","No","coral-reef","https://www.fishbase.se/summary/Amblyglyphidodon-melanopterus.html","ReefLifeSurvey, FishesOfAustralia, Reeflex",""
"Amblyglyphidodon_orbicularis","P","No","coral-reef","https://www.fishbase.se/summary/Amblyglyphidodon-orbicularis.html","ReefLifeSurvey, FishesOfAustralia, Reeflex",""
"Amblyglyphidodon_silolona","P","No","coral-reef","https://www.fishbase.se/summary/Amblyglyphidodon-silolona.html","ReefLifeSurvey, FishesOfAustralia, Reeflex",""
"Amblyglyphidodon_ternatensis","P","No","coral-reef","https://www.fishbase.se/summary/Amblyglyphidodon-ternatensis.html","ReefLifeSurvey, FishesOfAustralia, Reeflex",""
"Amblypomacentrus_annulatus","I","No","seagrass-rubble-sand","https://www.fishbase.se/summary/Amblypomacentrus-annulatus.html","ReefLifeSurvey, FishesOfAustralia, Reeflex",""
"Amblypomacentrus_breviceps","P","Mutualism","sea anemone","https://www.fishbase.se/summary/Amblypomacentrus-breviceps.html","ReefLifeSurvey, FishesOfAustralia, Reeflex",""
"Amblypomacentrus_clarus","P","Mutualism","sea anemone","https://www.fishbase.se/summary/Amblypomacentrus-clarus.html","ReefLifeSurvey, FishesOfAustralia, Reeflex",""
"Amblypomacentrus_kuiteri","P","No","seagrass-rubble-sand","https://www.fishbase.se/summary/Amblypomacentrus-kuiteri.html","ReefLifeSurvey, FishesOfAustralia, Reeflex",""
"Amblypomacentrus_tricinctus","I","No","seagrass-rubble-sand","https://fishbase.mnhn.fr/summary/Amblypomacentrus-tricinctus.html","ReefLifeSurvey, FishesOfAustralia, Reeflex",""
"Amphiprion_akallopisos","B","Mutualism","sea anemone","https://www.fishbase.se/summary/Amphiprion-akallopisos.html","ReefLifeSurvey, FishesOfAustralia, Reeflex",""
"Amphiprion_akindynos","I","Mutualism","sea anemone","https://www.fishbase.se/summary/Amphiprion-akindynos.html","ReefLifeSurvey, FishesOfAustralia, Reeflex",""
"Amphiprion_allardi","P","Mutualism","sea anemone","https://www.fishbase.se/summary/Amphiprion-allardi.html","ReefLifeSurvey, FishesOfAustralia, Reeflex",""
"Amphiprion_barberi","P","Mutualism","sea anemone","https://www.fishbase.se/summary/Amphiprion-barberi.html","ReefLifeSurvey, FishesOfAustralia, Reeflex",""
"Amphiprion_biaculeatus","P","Mutualism","sea anemone","https://www.fishbase.se/summary/Amphiprion-biaculeatus.html","ReefLifeSurvey, FishesOfAustralia, Reeflex",""
"Amphiprion_bicinctus","P","Mutualism","sea anemone","https://www.fishbase.se/summary/Amphiprion-bicinctus.html","ReefLifeSurvey, FishesOfAustralia, Reeflex",""
"Amphiprion_chagosensis","P","Mutualism","sea anemone","https://www.fishbase.se/summary/Amphiprion-chagosensis.html","ReefLifeSurvey, FishesOfAustralia, Reeflex",""
"Amphiprion_chrysogaster","P","Mutualism","sea anemone","https://www.fishbase.se/summary/Amphiprion-chrysogaster.html","ReefLifeSurvey, FishesOfAustralia, Reeflex",""
"Amphiprion_chrysopterus","P","Mutualism","sea anemone","https://www.fishbase.se/summary/Amphiprion-chrysopterus.html","ReefLifeSurvey, FishesOfAustralia, Reeflex",""
"Amphiprion_clarkii","I","Mutualism","sea anemone","https://www.fishbase.se/summary/Amphiprion-clarkii.html","ReefLifeSurvey, FishesOfAustralia, Reeflex",""
"Amphiprion_ephippium","I","Mutualism","sea anemone","https://www.fishbase.se/summary/Amphiprion-ephippium.html","ReefLifeSurvey, FishesOfAustralia, Reeflex",""
"Amphiprion_frenatus","P","Mutualism","sea anemone","https://www.fishbase.se/summary/Amphiprion-frenatus.html","ReefLifeSurvey, FishesOfAustralia, Reeflex",""
"Amphiprion_latezonatus","P","Mutualism","sea anemone","https://www.fishbase.se/summary/Amphiprion-latezonatus.html","ReefLifeSurvey, FishesOfAustralia, Reeflex",""
"Amphiprion_latifasciatus","P","Mutualism","sea anemone","https://www.fishbase.se/summary/Amphiprion-latifasciatus.html","ReefLifeSurvey, FishesOfAustralia, Reeflex",""
"Amphiprion_leucokranos","P","Mutualism","sea anemone","https://www.fishbase.se/summary/Amphiprion-leucokranos.html","ReefLifeSurvey, FishesOfAustralia, Reeflex",""
"Amphiprion_mccullochi","P","Mutualism","sea anemone","https://www.fishbase.se/summary/Amphiprion-mccullochi.html","ReefLifeSurvey, FishesOfAustralia, Reeflex",""
"Amphiprion_melanopus","P","Mutualism","sea anemone","https://www.fishbase.se/summary/Amphiprion-melanopus.html","ReefLifeSurvey, FishesOfAustralia, Reeflex",""
"Amphiprion_nigripes","P","Mutualism","sea anemone","https://www.fishbase.se/summary/Amphiprion-nigripes.html","ReefLifeSurvey, FishesOfAustralia, Reeflex",""
"Amphiprion_ocellaris","P","Mutualism","sea anemone","https://www.fishbase.se/summary/Amphiprion-ocellaris.html","ReefLifeSurvey, FishesOfAustralia, Reeflex",""
"Amphiprion_omanensis","P","Mutualism","sea anemone","https://www.fishbase.se/summary/Amphiprion-omanensis.html","ReefLifeSurvey, FishesOfAustralia, Reeflex",""
"Amphiprion_pacificus","P","Mutualism","sea anemone","https://www.fishbase.se/summary/Amphiprion-pacificus.html","ReefLifeSurvey, FishesOfAustralia, Reeflex",""
"Amphiprion_percula","P","Mutualism","sea anemone","https://www.fishbase.se/summary/Amphiprion-percula.html","ReefLifeSurvey, FishesOfAustralia, Reeflex",""
"Amphiprion_perideraion","P","Mutualism","sea anemone","https://www.fishbase.se/summary/Amphiprion-perideraion.html","ReefLifeSurvey, FishesOfAustralia, Reeflex",""
"Amphiprion_polymnus","P","Mutualism","sea anemone","https://www.fishbase.se/summary/Amphiprion-polymnus.html","ReefLifeSurvey, FishesOfAustralia, Reeflex",""
"Amphiprion_rubrocinctus","P","Mutualism","sea anemone","https://www.fishbase.se/summary/Amphiprion-rubrocinctus.html","ReefLifeSurvey, FishesOfAustralia, Reeflex",""
"Amphiprion_sandaracinos","P","Mutualism","sea anemone","https://www.fishbase.se/summary/Amphiprion-sandaracinos.html","ReefLifeSurvey, FishesOfAustralia, Reeflex",""
"Amphiprion_sebae","P","Mutualism","sea anemone","https://www.fishbase.se/summary/Amphiprion-sebae.html","ReefLifeSurvey, FishesOfAustralia, Reeflex",""
"Amphiprion_tricinctus","P","Mutualism","sea anemone","https://www.fishbase.se/summary/Amphiprion-tricinctus.html","ReefLifeSurvey, FishesOfAustralia, Reeflex",""
"Azurina_atrilobata","P","No","rocky-reef","https://www.fishbase.se/summary/Azurina-atrilobata.html","ReefLifeSurvey, FishesOfAustralia, Reeflex",""
"Azurina_brevirostris","P","No","rocky-reef","https://www.fishbase.se/summary/Azurina-brevirostris.html","ReefLifeSurvey, FishesOfAustralia, Reeflex",""
"Azurina_cyanea","P","No","rocky-reef","https://www.fishbase.se/summary/Azurina-cyanea.html","ReefLifeSurvey, FishesOfAustralia, Reeflex",""
"Azurina_elerae","P","No","rocky-reef","https://www.fishbase.se/summary/Azurina-elerae.html","ReefLifeSurvey, FishesOfAustralia, Reeflex",""
"Azurina_hirundo","P","No","rocky-reef","https://www.fishbase.se/summary/Azurina-hirundo.html","ReefLifeSurvey, FishesOfAustralia, Reeflex",""
"Azurina_lepidolepis","P","No","coral-reef","https://www.fishbase.se/summary/Azurina-lepidolepis.html","ReefLifeSurvey, FishesOfAustralia, Reeflex",""
"Azurina_multilineata","P","No","rocky-reef","https://www.fishbase.se/summary/Azurina-multilineata.html","ReefLifeSurvey, FishesOfAustralia, Reeflex",""
"Cheiloprion_labiatus","B","No","coral-reef","https://www.fishbase.se/summary/Cheiloprion-labiatus.html","ReefLifeSurvey, FishesOfAustralia, Reeflex",""
"Chromis_abyssicola","P","No","coral-reef","https://www.fishbase.se/summary/Chromis-abyssicola.html","ReefLifeSurvey, FishesOfAustralia, Reeflex",""
"Chromis_abyssus","P","No","seagrass-rubble-sand","https://www.fishbase.se/summary/Chromis-abyssus.html","ReefLifeSurvey, FishesOfAustralia, Reeflex",""
"Chromis_albicauda","P","No","rocky-reef","https://www.fishbase.se/summary/Chromis-albicauda.html","ReefLifeSurvey, FishesOfAustralia, Reeflex",""
"Chromis_albomaculata","P","No","rocky-reef","https://www.fishbase.se/summary/Chromis-albomaculata.html","ReefLifeSurvey, FishesOfAustralia, Reeflex",""
"Chromis_alpha","P","No","coral-reef","https://www.fishbase.se/summary/Chromis-alpha.html","ReefLifeSurvey, FishesOfAustralia, Reeflex",""
"Chromis_alta","P","No","rocky-reef","https://www.fishbase.se/summary/Chromis-alta.html","ReefLifeSurvey, FishesOfAustralia, Reeflex",""
"Chromis_anadema","P","No","rocky-reef","https://fishbase.mnhn.fr/summary/Chromis-anadema.html","ReefLifeSurvey, FishesOfAustralia, Reeflex",""
"Chromis_analis","P","No","rocky-reef","https://www.fishbase.se/summary/Chromis-analis.html","ReefLifeSurvey, FishesOfAustralia, Reeflex",""
"Chromis_atripectoralis","P","No","coral-reef","https://www.fishbase.se/summary/Chromis-atripectoralis.html","ReefLifeSurvey, FishesOfAustralia, Reeflex",""
"Chromis_bowesi","P","No","rocky-reef","https://www.fishbase.se/summary/Chromis-bowesi.html","ReefLifeSurvey, FishesOfAustralia, Reeflex",""
"Chromis_cadenati","P","No","coral-reef","https://www.fishbase.se/summary/Chromis-cadenati.html","ReefLifeSurvey, FishesOfAustralia, Reeflex","Bosch et al. 2022"
"Chromis_chromis","P","No","rocky-reef","https://www.fishbase.se/summary/Chromis-chromis.html","ReefLifeSurvey, FishesOfAustralia, Reeflex","Bosch et al. 2022"
"Chromis_chrysura","P","No","rocky-reef","https://www.fishbase.se/summary/Chromis-chrysura.html","ReefLifeSurvey, FishesOfAustralia, Reeflex",""
"Chromis_cinerascens","P","No","coral-reef","https://www.fishbase.se/summary/Chromis-cinerascens.html","ReefLifeSurvey, FishesOfAustralia, Reeflex",""
"Chromis_circumaurea","P","No","rocky-reef","https://www.fishbase.se/summary/Chromis-circumaurea.html","ReefLifeSurvey, FishesOfAustralia, Reeflex",""
"Chromis_crusma","P","No","rocky-reef","https://www.fishbase.se/summary/Chromis-crusma.html","ReefLifeSurvey, FishesOfAustralia, Reeflex",""
"Chromis_degruyi","P","No","rocky-reef","https://www.fishbase.se/summary/Chromis-degruyi.html","ReefLifeSurvey, FishesOfAustralia, Reeflex",""
"Chromis_dispila","P","No","rocky-reef","https://www.fishbase.se/summary/Chromis-dispila.html","ReefLifeSurvey, FishesOfAustralia, Reeflex",""
"Chromis_earina","P","No","rocky-reef","https://www.fishbase.se/summary/Chromis-earina.html","ReefLifeSurvey, FishesOfAustralia, Reeflex",""
"Chromis_enchrysura","P","No","rocky-reef","https://fishbase.mnhn.fr/summary/Chromis-enchrysurus.html","ReefLifeSurvey, FishesOfAustralia, Reeflex",""
"Chromis_flavapicis","P","No","rocky-reef","https://www.fishbase.se/summary/Chromis-flavapicis.html","ReefLifeSurvey, FishesOfAustralia, Reeflex",""
"Chromis_flavaxilla","P","No","coral-reef","https://www.fishbase.se/summary/Chromis-flavaxilla.html","ReefLifeSurvey, FishesOfAustralia, Reeflex",""
"Chromis_fumea","P","No","rocky-reef","https://www.fishbase.se/summary/Chromis-fumea.html","ReefLifeSurvey, FishesOfAustralia, Reeflex",""
"Chromis_gunting","P","No","rocky-reef","https://www.fishbase.se/summary/Chromis-gunting.html","ReefLifeSurvey, FishesOfAustralia, Reeflex",""
"Chromis_hangganan","P","No","rocky-reef","https://www.fishbase.se/summary/Chromis-hangganan.html","ReefLifeSurvey, FishesOfAustralia, Reeflex",""
"Chromis_hypsilepis","P","No","rocky-reef","https://www.fishbase.se/summary/Chromis-hypsilepis.html","ReefLifeSurvey, FishesOfAustralia, Reeflex",""
"Chromis_insolata","P","No","rocky-reef","https://www.fishbase.se/summary/Chromis-insolata.html","ReefLifeSurvey, FishesOfAustralia, Reeflex",""
"Chromis_katoi","P","No","rocky-reef",NA,"ReefLifeSurvey, FishesOfAustralia, Reeflex",""
"Chromis_kennensis","P","No","rocky-reef","https://www.fishbase.se/summary/Chromis-kennensis.html","ReefLifeSurvey, FishesOfAustralia, Reeflex",""
"Chromis_klunzingeri","I","No","coral-reef","https://www.fishbase.se/summary/Chromis-klunzingeri.html","ReefLifeSurvey, FishesOfAustralia, Reeflex",""
"Chromis_limbata","P","No","rocky-reef","https://www.fishbase.se/summary/Chromis-limbata.html","ReefLifeSurvey, FishesOfAustralia, Reeflex","Bosch et al. 2022"
"Chromis_limbaughi","P","No","rocky-reef","https://www.fishbase.se/summary/Chromis-limbaughi.html","ReefLifeSurvey, FishesOfAustralia, Reeflex",""
"Chromis_lubbocki","P","No","coral-reef","https://www.fishbase.se/summary/Chromis-lubbocki.html","ReefLifeSurvey, FishesOfAustralia, Reeflex","Bosch et al. 2022"
"Chromis_mamatapara","P","No","seagrass-rubble-sand","https://www.fishbase.se/summary/Chromis-mamatapara.html","ReefLifeSurvey, FishesOfAustralia, Reeflex",""
"Chromis_mirationis","P","No","rocky-reef","https://www.fishbase.se/summary/Chromis-mirationis.html","ReefLifeSurvey, FishesOfAustralia, Reeflex",""
"Chromis_nitida","P","No","rocky-reef","https://www.fishbase.se/summary/Chromis-nitida.html","ReefLifeSurvey, FishesOfAustralia, Reeflex",""
"Chromis_notata","P","No","rocky-reef","https://www.fishbase.se/summary/Chromis-notata.html","ReefLifeSurvey, FishesOfAustralia, Reeflex",""
"Chromis_okamurai","P","No","rocky-reef","https://www.fishbase.se/summary/Chromis-okamurai.html","ReefLifeSurvey, FishesOfAustralia, Reeflex",""
"Chromis_opercularis","I","No","rocky-reef","https://www.fishbase.se/summary/Chromis-opercularis.html","ReefLifeSurvey, FishesOfAustralia, Reeflex",""
"Chromis_ovalis","P","No","rocky-reef","https://www.fishbase.se/summary/Chromis-ovalis.html","ReefLifeSurvey, FishesOfAustralia, Reeflex",""
"Chromis_pamae","P","No","rocky-reef","https://www.fishbase.se/summary/Chromis-pamae.html","ReefLifeSurvey, FishesOfAustralia, Reeflex",""
"Chromis_pelloura","P","No","rocky-reef","https://www.fishbase.se/summary/Chromis-pelloura.html","ReefLifeSurvey, FishesOfAustralia, Reeflex",""
"Chromis_pembae","I","No","coral-reef","https://www.fishbase.se/summary/Chromis-pembae.html","ReefLifeSurvey, FishesOfAustralia, Reeflex",""
"Chromis_punctipinnis","P","No","rocky-reef","https://www.fishbase.se/summary/Chromis-punctipinnis.html","ReefLifeSurvey, FishesOfAustralia, Reeflex",""
"Chromis_randalli","P","No","rocky-reef","https://www.fishbase.se/summary/Chromis-randalli.html","ReefLifeSurvey, FishesOfAustralia, Reeflex",""
"Chromis_sanctaehelenae","P","No","seagrass-rubble-sand","https://www.fishbase.se/summary/Chromis-sanctaehelenae.html","ReefLifeSurvey, FishesOfAustralia, Reeflex",""
"Chromis_scotochiloptera","P","No","rocky-reef","https://www.fishbase.se/summary/Chromis-scotochiloptera.html","ReefLifeSurvey, FishesOfAustralia, Reeflex",""
"Chromis_scotti","P","No","coral-reef","https://www.fishbase.se/summary/Chromis-scotti.html","ReefLifeSurvey, FishesOfAustralia, Reeflex",""
"Chromis_ternatensis","P","No","coral-reef","https://www.fishbase.se/summary/Chromis-ternatensis.html","ReefLifeSurvey, FishesOfAustralia, Reeflex",""
"Chromis_tingting","P","No","rocky-reef","https://www.fishbase.se/summary/Chromis-tingting.html","ReefLifeSurvey, FishesOfAustralia, Reeflex",""
"Chromis_vanbebberae","P","No","rocky-reef","https://www.fishbase.se/summary/Chromis-vanbebberae.html","ReefLifeSurvey, FishesOfAustralia, Reeflex",""
"Chromis_verater","P","No","rocky-reef","https://www.fishbase.se/summary/Chromis-verater.html","ReefLifeSurvey, FishesOfAustralia, Reeflex",""
"Chromis_viridis","P","No","coral-reef","https://www.fishbase.se/summary/Chromis-viridis.html","ReefLifeSurvey, FishesOfAustralia, Reeflex",""
"Chromis_weberi","P","No","rocky-reef","https://www.fishbase.se/summary/Chromis-weberi.html","ReefLifeSurvey, FishesOfAustralia, Reeflex",""
"Chromis_woodsi","P","No","coral-reef","https://www.fishbase.se/summary/Chromis-woodsi.html","ReefLifeSurvey, FishesOfAustralia, Reeflex",""
"Chromis_xanthochira","P","No","rocky-reef","https://www.fishbase.se/summary/Chromis-xanthochira.html","ReefLifeSurvey, FishesOfAustralia, Reeflex",""
"Chromis_xanthopterygia","P","No","rocky-reef","https://www.fishbase.se/summary/Chromis-xanthopterygia.html","ReefLifeSurvey, FishesOfAustralia, Reeflex",""
"Chromis_xanthura","P","No","rocky-reef","https://www.fishbase.se/summary/Chromis-xanthura.html","ReefLifeSurvey, FishesOfAustralia, Reeflex",""
"Chromis_yamakawai","P","No","rocky-reef","https://www.fishbase.se/summary/Chromis-yamakawai.html","ReefLifeSurvey, FishesOfAustralia, Reeflex",""
"Chrysiptera_biocellata","B","Farming","seagrass-rubble-sand","https://www.fishbase.se/summary/Chrysiptera-biocellata.html","ReefLifeSurvey, FishesOfAustralia, Reeflex",""
"Chrysiptera_brownriggii","B","Farming","rocky-reef","https://www.fishbase.se/summary/Chrysiptera-brownriggii.html","ReefLifeSurvey, FishesOfAustralia, Reeflex",""
"Chrysiptera_burtjonesi","P","No","rocky-reef","https://www.fishbase.se/summary/Chrysiptera-burtjonesi.html","ReefLifeSurvey, FishesOfAustralia, Reeflex",""
"Chrysiptera_caeruleolineata","I","No","seagrass-rubble-sand","https://www.fishbase.se/summary/Chrysiptera-caeruleolineata.html","ReefLifeSurvey, FishesOfAustralia, Reeflex",""
"Chrysiptera_caesifrons","P","No","rocky-reef","https://www.fishbase.se/summary/Chrysiptera-caesifrons.html","ReefLifeSurvey, FishesOfAustralia, Reeflex",""
"Chrysiptera_chrysocephala","P","No","rocky-reef","https://www.fishbase.se/summary/Chrysiptera-chrysocephala.html","ReefLifeSurvey, FishesOfAustralia, Reeflex",""
"Chrysiptera_cyanea","I","No","seagrass-rubble-sand","https://www.fishbase.se/summary/Chrysiptera-cyanea.html","ReefLifeSurvey, FishesOfAustralia, Reeflex",""
"Chrysiptera_ellenae","P","No","rocky-reef",NA,"ReefLifeSurvey, FishesOfAustralia, Reeflex",""
"Chrysiptera_flavipinnis","I","No","seagrass-rubble-sand","https://www.fishbase.se/summary/Chrysiptera-flavipinnis.html","ReefLifeSurvey, FishesOfAustralia, Reeflex",""
"Chrysiptera_galba","I","No","rocky-reef","https://www.fishbase.se/summary/Chrysiptera-galba.html","ReefLifeSurvey, FishesOfAustralia, Reeflex",""
"Chrysiptera_giti","P","No","rocky-reef","https://www.fishbase.se/summary/Chrysiptera-giti.html","ReefLifeSurvey, FishesOfAustralia, Reeflex",""
"Chrysiptera_glauca","B","Farming","seagrass-rubble-sand","https://www.fishbase.se/summary/Chrysiptera-glauca.html","ReefLifeSurvey, FishesOfAustralia, Reeflex",""
"Chrysiptera_hemicyanea","P","No","coral-reef","https://www.fishbase.se/summary/Chrysiptera-hemicyanea.html","ReefLifeSurvey, FishesOfAustralia, Reeflex",""
"Chrysiptera_leucopoma","B","Farming","coral-reef",NA,"ReefLifeSurvey, FishesOfAustralia, Reeflex",""
"Chrysiptera_maurineae","P","No","rocky-reef",NA,"ReefLifeSurvey, FishesOfAustralia, Reeflex",""
"Chrysiptera_oxycephala","P","No","coral-reef","https://www.fishbase.se/summary/Chrysiptera-oxycephala.html","ReefLifeSurvey, FishesOfAustralia, Reeflex",""
"Chrysiptera_papuensis","P","No","rocky-reef",NA,"ReefLifeSurvey, FishesOfAustralia, Reeflex",""
"Chrysiptera_parasema","I","No","coral-reef","https://www.fishbase.se/summary/Chrysiptera-parasema.html","ReefLifeSurvey, FishesOfAustralia, Reeflex",""
"Chrysiptera_rapanui","P","No","rocky-reef","https://www.fishbase.se/summary/Chrysiptera-rapanui.html","ReefLifeSurvey, FishesOfAustralia, Reeflex",""
"Chrysiptera_rex","B","No","coral-reef","https://www.fishbase.se/summary/Chrysiptera-rex.html","ReefLifeSurvey, FishesOfAustralia, Reeflex",""
"Chrysiptera_rollandi","I","No","coral-reef","https://www.fishbase.se/summary/Chrysiptera-rollandi.html","ReefLifeSurvey, FishesOfAustralia, Reeflex",""
"Chrysiptera_sinclairi","P","No","coral-reef","https://www.fishbase.se/summary/Chrysiptera-sinclairi.html","ReefLifeSurvey, FishesOfAustralia, Reeflex",""
"Chrysiptera_springeri","I","No","coral-reef","https://www.fishbase.se/summary/Chrysiptera-springeri.html","ReefLifeSurvey, FishesOfAustralia, Reeflex",""
"Chrysiptera_starcki","P","No","rocky-reef","https://www.fishbase.se/summary/Chrysiptera-starcki.html","ReefLifeSurvey, FishesOfAustralia, Reeflex",""
"Chrysiptera_talboti","I","No","coral-reef","https://www.fishbase.se/summary/Chrysiptera-talboti.html","ReefLifeSurvey, FishesOfAustralia, Reeflex",""
"Chrysiptera_taupou","I","No","coral-reef","https://www.fishbase.se/summary/Chrysiptera-taupou.html","ReefLifeSurvey, FishesOfAustralia, Reeflex",""
"Chrysiptera_traceyi","I","No","coral-reef","https://www.fishbase.se/summary/Chrysiptera-traceyi.html","ReefLifeSurvey, FishesOfAustralia, Reeflex",""
"Chrysiptera_unimaculata","B","Farming","seagrass-rubble-sand","https://www.fishbase.se/summary/Chrysiptera-unimaculata.html","ReefLifeSurvey, FishesOfAustralia, Reeflex",""
"Chrysiptera_uswanasi","P","No","coral-reef","https://www.fishbase.se/summary/Chrysiptera-uswanasi.html","ReefLifeSurvey, FishesOfAustralia, Reeflex",""
"Dascyllus_abudafur","I","No","coral-reef","https://www.fishbase.se/summary/Dascyllus-abudafur.html","ReefLifeSurvey, FishesOfAustralia, Reeflex",""
"Dascyllus_albisella","P","Mutualism","sea anemone","https://www.fishbase.se/summary/Dascyllus-albisella.html","ReefLifeSurvey, FishesOfAustralia, Reeflex",""
"Dascyllus_aruanus","I","No","coral-reef","https://www.fishbase.se/summary/Dascyllus-aruanus.html","ReefLifeSurvey, FishesOfAustralia, Reeflex",""
"Dascyllus_carneus","I","No","coral-reef","https://www.fishbase.se/summary/Dascyllus-carneus.html","ReefLifeSurvey, FishesOfAustralia, Reeflex",""
"Dascyllus_flavicaudus","P","No","rocky-reef","https://www.fishbase.se/summary/Dascyllus-flavicaudus.html","ReefLifeSurvey, FishesOfAustralia, Reeflex",""
"Dascyllus_marginatus","P","No","coral-reef","https://www.fishbase.se/summary/Dascyllus-marginatus.html","ReefLifeSurvey, FishesOfAustralia, Reeflex",""
"Dascyllus_melanurus","I","No","coral-reef","https://www.fishbase.se/summary/Dascyllus-melanurus.html","ReefLifeSurvey, FishesOfAustralia, Reeflex",""
"Dascyllus_reticulatus","I","No","coral-reef","https://www.fishbase.se/summary/Dascyllus-reticulatus.html","ReefLifeSurvey, FishesOfAustralia, Reeflex",""
"Dascyllus_strasburgi","P","No","rocky-reef","https://www.fishbase.se/summary/Dascyllus-strasburgi.html","ReefLifeSurvey, FishesOfAustralia, Reeflex",""
"Dascyllus_trimaculatus","I","Mutualism","sea anemone","https://www.fishbase.se/summary/Dascyllus-trimaculatus.html","ReefLifeSurvey, FishesOfAustralia, Reeflex",""
"Dischistodus_chrysopoecilus","B","Farming","seagrass-rubble-sand","https://www.fishbase.se/summary/Dischistodus-chrysopoecilus.html","ReefLifeSurvey, FishesOfAustralia, Reeflex",""
"Dischistodus_melanotus","B","Farming","seagrass-rubble-sand","https://www.fishbase.se/summary/Dischistodus-melanotus.html","ReefLifeSurvey, FishesOfAustralia, Reeflex",""
"Dischistodus_perspicillatus","B","Farming","seagrass-rubble-sand","https://www.fishbase.se/summary/Dischistodus-perspicillatus.html","ReefLifeSurvey, FishesOfAustralia, Reeflex",""
"Dischistodus_prosopotaenia","B","Farming","seagrass-rubble-sand","https://www.fishbase.se/summary/Dischistodus-prosopotaenia.html","ReefLifeSurvey, FishesOfAustralia, Reeflex",""
"Dischistodus_pseudochrysopoecilus","B","Farming","seagrass-rubble-sand","https://www.fishbase.se/summary/Dischistodus-pseudochrysopoecilus.html","ReefLifeSurvey, FishesOfAustralia, Reeflex",""
"Hemiglyphidodon_plagiometopon","B","Farming","coral-reef","https://www.fishbase.se/summary/Hemiglyphidodon-plagiometopon.html","ReefLifeSurvey, FishesOfAustralia, Reeflex",""
"Hypsypops_rubicundus","B","Farming","rocky-reef","https://www.fishbase.se/summary/Hypsypops-rubicundus.html","ReefLifeSurvey, FishesOfAustralia, Reeflex",""
"Lepidozygus_tapeinosoma","P","No","coral-reef","https://www.fishbase.se/summary/Lepidozygus-tapeinosoma.html","ReefLifeSurvey, FishesOfAustralia, Reeflex",""
"Mecaenichthys_immaculatus","B","No","seagrass-rubble-sand","https://www.fishbase.se/summary/Mecaenichthys-immaculatus.html","ReefLifeSurvey, FishesOfAustralia, Reeflex",""
"Microspathodon_bairdii","B","Farming","rocky-reef","https://www.fishbase.se/summary/Microspathodon-bairdii.html","ReefLifeSurvey, FishesOfAustralia, Reeflex",""
"Microspathodon_chrysurus","B","Farming","coral-reef","https://www.fishbase.se/summary/Microspathodon-chrysurus.html","ReefLifeSurvey, FishesOfAustralia, Reeflex",""
"Microspathodon_dorsalis","B","Farming","rocky-reef","https://www.fishbase.se/summary/Microspathodon-dorsalis.html","ReefLifeSurvey, FishesOfAustralia, Reeflex",""
"Neoglyphidodon_bonang","B","No","coral-reef","https://www.fishbase.se/summary/Neoglyphidodon-bonang.html","ReefLifeSurvey, FishesOfAustralia, Reeflex",""
"Neoglyphidodon_carlsoni","I","No","rocky-reef","https://www.fishbase.se/summary/Neoglyphidodon-carlsoni.html","ReefLifeSurvey, FishesOfAustralia, Reeflex",""
"Neoglyphidodon_melas","B","No","coral-reef","https://www.fishbase.se/summary/Neoglyphidodon-melas.html","ReefLifeSurvey, FishesOfAustralia, Reeflex",""
"Neoglyphidodon_nigroris","B","Farming","coral-reef","https://www.fishbase.se/summary/Neoglyphidodon-nigroris.html","ReefLifeSurvey, FishesOfAustralia, Reeflex",""
"Neoglyphidodon_oxyodon","B","No","coral-reef","https://www.fishbase.se/summary/Neoglyphidodon-oxyodon.html","ReefLifeSurvey, FishesOfAustralia, Reeflex",""
"Neoglyphidodon_polyacanthus","I","No","coral-reef","https://www.fishbase.se/summary/Neoglyphidodon-polyacanthus.html","ReefLifeSurvey, FishesOfAustralia, Reeflex",""
"Neoglyphidodon_thoracotaeniatus","I","No","coral-reef","https://www.fishbase.se/summary/Neoglyphidodon-thoracotaeniatus.html","ReefLifeSurvey, FishesOfAustralia, Reeflex",""
"Neopomacentrus_aktites","P","No","rocky-reef","https://www.fishbase.se/summary/Neopomacentrus-aktites.html","ReefLifeSurvey, FishesOfAustralia, Reeflex",""
"Neopomacentrus_anabatoides","P","No","rocky-reef","https://www.fishbase.se/summary/Neopomacentrus-anabatoides.html","ReefLifeSurvey, FishesOfAustralia, Reeflex",""
"Neopomacentrus_aquadulcis","P","No","freshwater","https://www.fishbase.se/summary/Neopomacentrus-aquadulcis.html","ReefLifeSurvey, FishesOfAustralia, Reeflex",""
"Neopomacentrus_azysron","P","No","coral-reef","https://www.fishbase.se/summary/Neopomacentrus-azysron.html","ReefLifeSurvey, FishesOfAustralia, Reeflex",""
"Neopomacentrus_bankieri","P","No","rocky-reef","https://www.fishbase.se/summary/Neopomacentrus-bankieri.html","ReefLifeSurvey, FishesOfAustralia, Reeflex",""
"Neopomacentrus_cyanomos","P","No","coral-reef","https://www.fishbase.se/summary/Neopomacentrus-cyanomos.html","ReefLifeSurvey, FishesOfAustralia, Reeflex",""
"Neopomacentrus_filamentosus","P","No","seagrass-rubble-sand","https://www.fishbase.se/summary/Neopomacentrus-filamentosus.html","ReefLifeSurvey, FishesOfAustralia, Reeflex",""
"Neopomacentrus_fuliginosus","P","No","seagrass-rubble-sand","https://www.fishbase.se/summary/Neopomacentrus-fuliginosus.html","ReefLifeSurvey, FishesOfAustralia, Reeflex",""
"Neopomacentrus_metallicus","P","No","rocky-reef","https://www.fishbase.se/summary/Neopomacentrus-metallicus.html","ReefLifeSurvey, FishesOfAustralia, Reeflex",""
"Neopomacentrus_miryae","P","No","coral-reef","https://www.fishbase.se/summary/Neopomacentrus-miryae.html","ReefLifeSurvey, FishesOfAustralia, Reeflex",""
"Neopomacentrus_nemurus","P","No","seagrass-rubble-sand","https://www.fishbase.se/summary/Neopomacentrus-nemurus.html","ReefLifeSurvey, FishesOfAustralia, Reeflex",""
"Neopomacentrus_sindensis","P","No","rocky-reef","https://www.fishbase.se/summary/Neopomacentrus-sindensis.html","ReefLifeSurvey, FishesOfAustralia, Reeflex",""
"Neopomacentrus_sororius","P","No","rocky-reef","https://www.fishbase.se/summary/Neopomacentrus-sororius.html","ReefLifeSurvey, FishesOfAustralia, Reeflex",""
"Neopomacentrus_taeniurus","P","No","freshwater","https://www.fishbase.se/summary/Neopomacentrus-taeniurus.html","ReefLifeSurvey, FishesOfAustralia, Reeflex",""
"Neopomacentrus_violascens","P","No","seagrass-rubble-sand","https://www.fishbase.se/summary/Neopomacentrus-violascens.html","ReefLifeSurvey, FishesOfAustralia, Reeflex",""
"Neopomacentrus_xanthurus","P","No","coral-reef","https://www.fishbase.se/summary/Neopomacentrus-xanthurus.html","ReefLifeSurvey, FishesOfAustralia, Reeflex",""
"Nexilosus_latifrons","B","No","rocky-reef","https://www.fishbase.se/summary/Nexilosus-latifrons.html","ReefLifeSurvey, FishesOfAustralia, Reeflex",""
"Parma_alboscapularis","B","No","rocky-reef","https://www.fishbase.se/summary/Parma-alboscapularis.html","ReefLifeSurvey, FishesOfAustralia, Reeflex",""
"Parma_mccullochi","B","No","rocky-reef","https://www.fishbase.se/summary/Parma-mccullochi.html","ReefLifeSurvey, FishesOfAustralia, Reeflex",""
"Parma_microlepis","B","No","rocky-reef","https://www.fishbase.se/summary/Parma-microlepis.html","ReefLifeSurvey, FishesOfAustralia, Reeflex",""
"Parma_occidentalis","B","No","rocky-reef","https://www.fishbase.se/summary/Parma-occidentalis.html","ReefLifeSurvey, FishesOfAustralia, Reeflex",""
"Parma_oligolepis","B","No","coral-reef","https://www.fishbase.se/summary/Parma-oligolepis.html","ReefLifeSurvey, FishesOfAustralia, Reeflex",""
"Parma_victoriae","B","No","rocky-reef","https://www.fishbase.se/summary/Parma-victoriae.html","ReefLifeSurvey, FishesOfAustralia, Reeflex",""
"Plectroglyphidodon_altus","B","No","rocky-reef","https://www.fishbase.se/summary/Plectroglyphidodon-altus.html","ReefLifeSurvey, FishesOfAustralia, Reeflex",""
"Plectroglyphidodon_apicalis","B","Farming","seagrass-rubble-sand","https://www.fishbase.se/summary/Plectroglyphidodon-apicalis.html","ReefLifeSurvey, FishesOfAustralia, Reeflex",""
"Plectroglyphidodon_aureus","B","Farming","coral-reef","https://www.fishbase.se/summary/Plectroglyphidodon-aureus.html","ReefLifeSurvey, FishesOfAustralia, Reeflex",""
"Plectroglyphidodon_dickii","B","Farming","coral-reef","https://www.fishbase.se/summary/Plectroglyphidodon-dickii.html","ReefLifeSurvey, FishesOfAustralia, Reeflex",""
"Plectroglyphidodon_emeryi","B","Farming","rocky-reef","https://www.fishbase.se/summary/Plectroglyphidodon-emeryi.html","ReefLifeSurvey, FishesOfAustralia, Reeflex",""
"Plectroglyphidodon_fasciolatus","B","Farming","rocky-reef","https://www.fishbase.se/summary/Plectroglyphidodon-fasciolatus.html","ReefLifeSurvey, FishesOfAustralia, Reeflex",""
"Plectroglyphidodon_gascoynei","B","Farming","rocky-reef","https://www.fishbase.se/summary/Plectroglyphidodon-gascoynei.html","ReefLifeSurvey, FishesOfAustralia, Reeflex",""
"Plectroglyphidodon_imparipennis","B","No","rocky-reef","https://www.fishbase.se/summary/Plectroglyphidodon-imparipennis.html","ReefLifeSurvey, FishesOfAustralia, Reeflex",""
"Plectroglyphidodon_insularis","B","Farming","rocky-reef","https://www.fishbase.se/summary/Plectroglyphidodon-insularis.html","ReefLifeSurvey, FishesOfAustralia, Reeflex",""
"Plectroglyphidodon_johnstonianus","B","No","rocky-reef","https://www.fishbase.se/summary/Plectroglyphidodon-johnstonianus.html","ReefLifeSurvey, FishesOfAustralia, Reeflex",""
"Plectroglyphidodon_leucozonus","B","Farming","rocky-reef","https://www.fishbase.se/summary/Plectroglyphidodon-leucozonus.html","ReefLifeSurvey, FishesOfAustralia, Reeflex",""
"Plectroglyphidodon_luteobrunneus","B","Farming","rocky-reef","https://www.fishbase.se/summary/Plectroglyphidodon-luteobrunneus.html","ReefLifeSurvey, FishesOfAustralia, Reeflex",""
"Plectroglyphidodon_marginatus","B","Farming","rocky-reef","https://www.fishbase.se/summary/Plectroglyphidodon-marginatus.html","ReefLifeSurvey, FishesOfAustralia, Reeflex",""
"Plectroglyphidodon_obreptus","B","Farming","rocky-reef","https://www.fishbase.se/summary/Plectroglyphidodon-obreptus.html","ReefLifeSurvey, FishesOfAustralia, Reeflex",""
"Plectroglyphidodon_phoenixensis","B","Farming","coral-reef","https://www.fishbase.se/summary/Plectroglyphidodon-phoenixensis.html","ReefLifeSurvey, FishesOfAustralia, Reeflex",""
"Plectroglyphidodon_randalli","B","No","rocky-reef","https://www.fishbase.se/summary/Plectroglyphidodon-randalli.html","ReefLifeSurvey, FishesOfAustralia, Reeflex",""
"Plectroglyphidodon_sagmarius","B","No","rocky-reef","https://www.fishbase.se/summary/Plectroglyphidodon-sagmarius.html","ReefLifeSurvey, FishesOfAustralia, Reeflex",""
"Pomacentrus_adelus","B","Farming","seagrass-rubble-sand","https://www.fishbase.se/summary/Pomacentrus-adelus.html","ReefLifeSurvey, FishesOfAustralia, Reeflex",""
"Pomacentrus_albiaxillaris","P","No","rocky-reef","https://www.fishbase.se/summary/Pomacentrus-albiaxillaris.html","ReefLifeSurvey, FishesOfAustralia, Reeflex",""
"Pomacentrus_albicaudatus","B","No","coral-reef","https://www.fishbase.se/summary/Pomacentrus-albicaudatus.html","ReefLifeSurvey, FishesOfAustralia, Reeflex",""
"Pomacentrus_alexanderae","I","No","rocky-reef","https://www.fishbase.se/summary/Pomacentrus-alexanderae.html","ReefLifeSurvey, FishesOfAustralia, Reeflex",""
"Pomacentrus_alleni","P","No","seagrass-rubble-sand","https://www.fishbase.se/summary/Pomacentrus-alleni.html","ReefLifeSurvey, FishesOfAustralia, Reeflex",""
"Pomacentrus_amboinensis","I","No","seagrass-rubble-sand","https://www.fishbase.se/summary/Pomacentrus-amboinensis.html","ReefLifeSurvey, FishesOfAustralia, Reeflex",""
"Pomacentrus_aquilus","P","No","coral-reef","https://www.fishbase.se/summary/Pomacentrus-aquilus.html","ReefLifeSurvey, FishesOfAustralia, Reeflex",""
"Pomacentrus_arabicus","P","No","coral-reef","https://www.fishbase.se/summary/Pomacentrus-arabicus.html","ReefLifeSurvey, FishesOfAustralia, Reeflex",""
"Pomacentrus_armillatus","B","Farming","seagrass-rubble-sand","https://www.fishbase.se/summary/Pomacentrus-armillatus.html","ReefLifeSurvey, FishesOfAustralia, Reeflex",""
"Pomacentrus_aurifrons","P","No","coral-reef","https://www.fishbase.se/summary/Pomacentrus-aurifrons.html","ReefLifeSurvey, FishesOfAustralia, Reeflex",""
"Pomacentrus_auriventris","P","No","seagrass-rubble-sand","https://www.fishbase.se/summary/Pomacentrus-auriventris.html","ReefLifeSurvey, FishesOfAustralia, Reeflex",""
"Pomacentrus_australis","B","No","seagrass-rubble-sand","https://www.fishbase.se/summary/Pomacentrus-australis.html","ReefLifeSurvey, FishesOfAustralia, Reeflex",""
"Pomacentrus_baenschi","I","No","coral-reef","https://www.fishbase.se/summary/Pomacentrus-baenschi.html","ReefLifeSurvey, FishesOfAustralia, Reeflex",""
"Pomacentrus_bankanensis","B","Farming","seagrass-rubble-sand","https://www.fishbase.se/summary/Pomacentrus-bankanensis.html","ReefLifeSurvey, FishesOfAustralia, Reeflex",""
"Pomacentrus_brachialis","I","No","coral-reef","https://www.fishbase.se/summary/Pomacentrus-brachialis.html","ReefLifeSurvey, FishesOfAustralia, Reeflex",""
"Pomacentrus_burroughi","B","Farming","seagrass-rubble-sand","https://www.fishbase.se/summary/Pomacentrus-burroughi.html","ReefLifeSurvey, FishesOfAustralia, Reeflex",""
"Pomacentrus_caeruleopunctatus","P","No","coral-reef","https://www.fishbase.se/summary/Pomacentrus-caeruleopunctatus.html","ReefLifeSurvey, FishesOfAustralia, Reeflex",""
"Pomacentrus_caeruleus","P","No","seagrass-rubble-sand","https://www.fishbase.se/summary/Pomacentrus-caeruleus.html","ReefLifeSurvey, FishesOfAustralia, Reeflex",""
"Pomacentrus_callainus","P","No","coral-reef","https://www.fishbase.se/summary/Pomacentrus-callainus.html","ReefLifeSurvey, FishesOfAustralia, Reeflex",""
"Pomacentrus_chrysurus","B","Farming","seagrass-rubble-sand","https://www.fishbase.se/summary/Pomacentrus-chrysurus.html","ReefLifeSurvey, FishesOfAustralia, Reeflex",""
"Pomacentrus_coelestis","I","No","seagrass-rubble-sand","https://www.fishbase.se/summary/Pomacentrus-coelestis.html","ReefLifeSurvey, FishesOfAustralia, Reeflex",""
"Pomacentrus_flavioculus","I","No","coral-reef","https://www.fishbase.se/summary/Pomacentrus-flavioculus.html","ReefLifeSurvey, FishesOfAustralia, Reeflex",""
"Pomacentrus_flavoaxillaris","P","No","rocky-reef","https://www.fishbase.se/summary/Pomacentrus-flavoaxillaris.html","ReefLifeSurvey, FishesOfAustralia, Reeflex",""
"Pomacentrus_geminospilus","I","No","seagrass-rubble-sand","https://www.fishbase.se/summary/Pomacentrus-geminospilus.html","ReefLifeSurvey, FishesOfAustralia, Reeflex",""
"Pomacentrus_grammorhynchus","B","Farming","coral-reef","https://www.fishbase.se/summary/Pomacentrus-grammorhynchus.html","ReefLifeSurvey, FishesOfAustralia, Reeflex",""
"Pomacentrus_imitator","I","No","rocky-reef","https://www.fishbase.se/summary/Pomacentrus-imitator.html","ReefLifeSurvey, FishesOfAustralia, Reeflex",""
"Pomacentrus_lepidogenys","P","No","coral-reef","https://www.fishbase.se/summary/Pomacentrus-lepidogenys.html","ReefLifeSurvey, FishesOfAustralia, Reeflex",""
"Pomacentrus_leptus","I","No","coral-reef","https://www.fishbase.se/summary/Pomacentrus-leptus.html","ReefLifeSurvey, FishesOfAustralia, Reeflex",""
"Pomacentrus_littoralis","B","Farming","seagrass-rubble-sand","https://www.fishbase.se/summary/Pomacentrus-littoralis.html","ReefLifeSurvey, FishesOfAustralia, Reeflex",""
"Pomacentrus_magniseptus","P","No","coral-reef","https://www.fishbase.se/summary/Pomacentrus-magniseptus.html","ReefLifeSurvey, FishesOfAustralia, Reeflex",""
"Pomacentrus_melanochir","P","No","coral-reef","https://www.fishbase.se/summary/Pomacentrus-melanochir.html","ReefLifeSurvey, FishesOfAustralia, Reeflex",""
"Pomacentrus_micronesicus","P","No","rocky-reef","https://www.fishbase.se/summary/Pomacentrus-micronesicus.html","ReefLifeSurvey, FishesOfAustralia, Reeflex",""
"Pomacentrus_microspilus","P","No","coral-reef","https://www.fishbase.se/summary/Pomacentrus-microspilus.html","ReefLifeSurvey, FishesOfAustralia, Reeflex",""
"Pomacentrus_milleri","I","No","seagrass-rubble-sand","https://www.fishbase.se/summary/Pomacentrus-milleri.html","ReefLifeSurvey, FishesOfAustralia, Reeflex",""
"Pomacentrus_moluccensis","P","No","coral-reef","https://www.fishbase.se/summary/Pomacentrus-moluccensis.html","ReefLifeSurvey, FishesOfAustralia, Reeflex",""
"Pomacentrus_nagasakiensis","P","No","seagrass-rubble-sand","https://www.fishbase.se/summary/Pomacentrus-nagasakiensis.html","ReefLifeSurvey, FishesOfAustralia, Reeflex",""
"Pomacentrus_nigriradiatus","P","No","rocky-reef","https://www.fishbase.se/summary/Pomacentrus-nigriradiatus.html","ReefLifeSurvey, FishesOfAustralia, Reeflex",""
"Pomacentrus_nigromanus","I","No","coral-reef","https://www.fishbase.se/summary/Pomacentrus-nigromanus.html","ReefLifeSurvey, FishesOfAustralia, Reeflex",""
"Pomacentrus_nigromarginatus","I","No","seagrass-rubble-sand","https://www.fishbase.se/summary/Pomacentrus-nigromarginatus.html","ReefLifeSurvey, FishesOfAustralia, Reeflex",""
"Pomacentrus_pavo","I","No","seagrass-rubble-sand","https://www.fishbase.se/summary/Pomacentrus-pavo.html","ReefLifeSurvey, FishesOfAustralia, Reeflex",""
"Pomacentrus_philippinus","I","No","coral-reef","https://www.fishbase.se/summary/Pomacentrus-philippinus.html","ReefLifeSurvey, FishesOfAustralia, Reeflex",""
"Pomacentrus_reidi","I","No","seagrass-rubble-sand","https://www.fishbase.se/summary/Pomacentrus-reidi.html","ReefLifeSurvey, FishesOfAustralia, Reeflex",""
"Pomacentrus_similis","P","No","coral-reef","https://www.fishbase.se/summary/Pomacentrus-similis.html","ReefLifeSurvey, FishesOfAustralia, Reeflex",""
"Pomacentrus_smithi","P","No","seagrass-rubble-sand","https://www.fishbase.se/summary/Pomacentrus-smithi.html","ReefLifeSurvey, FishesOfAustralia, Reeflex",""
"Pomacentrus_spilotoceps","I","No","coral-reef","https://www.fishbase.se/summary/Pomacentrus-spilotoceps.html","ReefLifeSurvey, FishesOfAustralia, Reeflex",""
"Pomacentrus_stigma","I","No","coral-reef","https://www.fishbase.se/summary/Pomacentrus-stigma.html","ReefLifeSurvey, FishesOfAustralia, Reeflex",""
"Pomacentrus_sulfureus","I","No","coral-reef","https://www.fishbase.se/summary/Pomacentrus-sulfureus.html","ReefLifeSurvey, FishesOfAustralia, Reeflex",""
"Pomacentrus_taeniometopon","B","No","coral-reef","https://www.fishbase.se/summary/Pomacentrus-taeniometopon.html","ReefLifeSurvey, FishesOfAustralia, Reeflex",""
"Pomacentrus_trichrourus","P","No","coral-reef","https://www.fishbase.se/summary/Pomacentrus-trichrourus.html","ReefLifeSurvey, FishesOfAustralia, Reeflex",""
"Pomacentrus_trilineatus","I","Farming","rocky-reef","https://www.fishbase.se/summary/Pomacentrus-trilineatus.html","ReefLifeSurvey, FishesOfAustralia, Reeflex",""
"Pomacentrus_tripunctatus","B","Farming","seagrass-rubble-sand","https://www.fishbase.se/summary/Pomacentrus-tripunctatus.html","ReefLifeSurvey, FishesOfAustralia, Reeflex",""
"Pomacentrus_vaiuli","B","Farming","seagrass-rubble-sand","https://www.fishbase.se/summary/Pomacentrus-vaiuli.html","ReefLifeSurvey, FishesOfAustralia, Reeflex",""
"Pomacentrus_vatosoa","P","No","coral-reef","https://www.fishbase.se/summary/Pomacentrus-vatosoa.html","ReefLifeSurvey, FishesOfAustralia, Reeflex",""
"Pomacentrus_wardi","B","Farming","coral-reef","https://www.fishbase.se/summary/Pomacentrus-wardi.html","ReefLifeSurvey, FishesOfAustralia, Reeflex",""
"Pomacentrus_xanthosternus","I","No","coral-reef","https://www.fishbase.se/summary/Pomacentrus-xanthosternus.html","ReefLifeSurvey, FishesOfAustralia, Reeflex",""
"Pomachromis_fuscidorsalis","P","No","coral-reef","https://www.fishbase.se/summary/Pomachromis-fuscidorsalis.html","ReefLifeSurvey, FishesOfAustralia, Reeflex",""
"Pomachromis_richardsoni","P","No","rocky-reef","https://www.fishbase.se/summary/Pomachromis-richardsoni.html","ReefLifeSurvey, FishesOfAustralia, Reeflex",""
"Pristotis_obtusirostris","P","No","seagrass-rubble-sand","https://www.fishbase.se/summary/Pristotis-obtusirostris.html","ReefLifeSurvey, FishesOfAustralia, Reeflex",""
"Pycnochromis_abruptus","P","No","rocky-reef","https://www.fishbase.se/summary/Pycnochromis-abruptus.html","ReefLifeSurvey, FishesOfAustralia, Reeflex",""
"Pycnochromis_acares","P","No","rocky-reef","https://www.fishbase.se/summary/Pycnochromis-acares.html","ReefLifeSurvey, FishesOfAustralia, Reeflex",""
"Pycnochromis_alleni","P","No","rocky-reef","https://www.fishbase.se/summary/Pycnochromis-alleni.html","ReefLifeSurvey, FishesOfAustralia, Reeflex",""
"Pycnochromis_amboinensis","P","No","rocky-reef","https://www.fishbase.se/summary/Pycnochromis-amboinensis.html","ReefLifeSurvey, FishesOfAustralia, Reeflex",""
"Pycnochromis_atripes","P","No","coral-reef","https://www.fishbase.se/summary/Pycnochromis-atripes.html","ReefLifeSurvey, FishesOfAustralia, Reeflex",""
"Pycnochromis_caudalis","P","No","rocky-reef","https://www.fishbase.se/summary/Pycnochromis-caudalis.html","ReefLifeSurvey, FishesOfAustralia, Reeflex",""
"Pycnochromis_delta","P","No","rocky-reef","https://www.fishbase.se/summary/Pycnochromis-delta.html","ReefLifeSurvey, FishesOfAustralia, Reeflex",""
"Pycnochromis_dimidiatus","P","No","rocky-reef","https://www.fishbase.se/summary/Pycnochromis-dimidiatus.html","ReefLifeSurvey, FishesOfAustralia, Reeflex",""
"Pycnochromis_fatuhivae","P","No","rocky-reef","https://www.fishbase.se/summary/Pycnochromis-fatuhivae.html","ReefLifeSurvey, FishesOfAustralia, Reeflex",""
"Pycnochromis_fieldi","P","No","coral-reef","https://www.fishbase.se/summary/Pycnochromis-fieldi.html","ReefLifeSurvey, FishesOfAustralia, Reeflex",""
"Pycnochromis_hanui","P","No","coral-reef","https://www.fishbase.se/summary/Pycnochromis-hanui.html","ReefLifeSurvey, FishesOfAustralia, Reeflex",""
"Pycnochromis_howsoni","P","No","rocky-reef","https://www.fishbase.se/summary/Pycnochromis-howsoni.html","ReefLifeSurvey, FishesOfAustralia, Reeflex",""
"Pycnochromis_iomelas","P","No","coral-reef","https://www.fishbase.se/summary/Pycnochromis-iomelas.html","ReefLifeSurvey, FishesOfAustralia, Reeflex",""
"Pycnochromis_leucurus","P","No","coral-reef","https://www.fishbase.se/summary/Pycnochromis-leucurus.html","ReefLifeSurvey, FishesOfAustralia, Reeflex",""
"Pycnochromis_lineatus","P","No","rocky-reef","https://www.fishbase.se/summary/Pycnochromis-lineatus.html","ReefLifeSurvey, FishesOfAustralia, Reeflex",""
"Pycnochromis_margaritifer","I","No","rocky-reef","https://www.fishbase.se/summary/Pycnochromis-margaritifer.html","ReefLifeSurvey, FishesOfAustralia, Reeflex",""
"Pycnochromis_nigrurus","P","No","coral-reef","https://www.fishbase.se/summary/Pycnochromis-nigrurus.html","ReefLifeSurvey, FishesOfAustralia, Reeflex",""
"Pycnochromis_ovatiformis","P","No","rocky-reef","https://www.fishbase.se/summary/Pycnochromis-ovatiformis.html","ReefLifeSurvey, FishesOfAustralia, Reeflex",""
"Pycnochromis_pacifica","I","No","coral-reef","https://www.fishbase.se/summary/Pycnochromis-pacifica.html","ReefLifeSurvey, FishesOfAustralia, Reeflex",""
"Pycnochromis_retrofasciatus","P","No","coral-reef","https://www.fishbase.se/summary/Pycnochromis-retrofasciatus.html","ReefLifeSurvey, FishesOfAustralia, Reeflex",""
"Pycnochromis_vanderbilti","P","No","rocky-reef","https://www.fishbase.se/summary/Pycnochromis-vanderbilti.html","ReefLifeSurvey, FishesOfAustralia, Reeflex",""
"Similiparma_hermani","I","No","rocky-reef","https://www.fishbase.se/summary/Similiparma-hermani.html","ReefLifeSurvey, FishesOfAustralia, Reeflex","Bosch et al. 2022"
"Similiparma_lurida","I","No","rocky-reef","https://www.fishbase.se/summary/Similiparma-lurida.html","ReefLifeSurvey, FishesOfAustralia, Reeflex","Bosch et al. 2022"
"Stegastes_acapulcoensis","B","Farming","rocky-reef","https://www.fishbase.se/summary/Stegastes-acapulcoensis.html","ReefLifeSurvey, FishesOfAustralia, Reeflex",""
"Stegastes_adustus","B","Farming","rocky-reef","https://www.fishbase.se/summary/Stegastes-adustus.html","ReefLifeSurvey, FishesOfAustralia, Reeflex",""
"Stegastes_albifasciatus","B","Farming","seagrass-rubble-sand","https://www.fishbase.se/summary/Stegastes-albifasciatus.html","ReefLifeSurvey, FishesOfAustralia, Reeflex",""
"Stegastes_arcifrons","B","Farming","rocky-reef","https://www.fishbase.se/summary/Stegastes-arcifrons.html","ReefLifeSurvey, FishesOfAustralia, Reeflex",""
"Stegastes_baldwini","B","Farming","rocky-reef","https://www.fishbase.se/summary/Stegastes-baldwini.html","ReefLifeSurvey, FishesOfAustralia, Reeflex",""
"Stegastes_beebei","B","Farming","rocky-reef","https://www.fishbase.se/summary/Stegastes-beebei.html","ReefLifeSurvey, FishesOfAustralia, Reeflex",""
"Stegastes_diencaeus","B","Farming","rocky-reef","https://www.fishbase.se/summary/Stegastes-diencaeus.html","ReefLifeSurvey, FishesOfAustralia, Reeflex",""
"Stegastes_flavilatus","B","No","rocky-reef","https://www.fishbase.se/summary/Stegastes-flavilatus.html","ReefLifeSurvey, FishesOfAustralia, Reeflex",""
"Stegastes_fuscus","B","Farming","rocky-reef","https://www.fishbase.se/summary/Stegastes-fuscus.html","ReefLifeSurvey, FishesOfAustralia, Reeflex",""
"Stegastes_imbricatus","B","No","coral-reef","https://www.fishbase.se/summary/Stegastes-imbricatus.html","ReefLifeSurvey, FishesOfAustralia, Reeflex","Bosch et al. 2022"
"Stegastes_lacrymatus","B","Farming","seagrass-rubble-sand","https://www.fishbase.se/summary/Stegastes-lacrymatus.html","ReefLifeSurvey, FishesOfAustralia, Reeflex",""
"Stegastes_leucostictus","B","Farming","seagrass-rubble-sand","https://www.fishbase.se/summary/Stegastes-leucostictus.html","ReefLifeSurvey, FishesOfAustralia, Reeflex",""
"Stegastes_limbatus","B","Farming","rocky-reef","https://www.fishbase.se/summary/Stegastes-limbatus.html","ReefLifeSurvey, FishesOfAustralia, Reeflex",""
"Stegastes_lividus","B","Farming","rocky-reef","https://www.fishbase.se/summary/Stegastes-lividus.html","ReefLifeSurvey, FishesOfAustralia, Reeflex",""
"Stegastes_nigricans","B","Farming","coral-reef","https://www.fishbase.se/summary/Stegastes-nigricans.html","ReefLifeSurvey, FishesOfAustralia, Reeflex",""
"Stegastes_otophorus","B","No","freshwater","https://www.fishbase.se/summary/Stegastes-otophorus.html","ReefLifeSurvey, FishesOfAustralia, Reeflex",""
"Stegastes_partitus","B","No","coral-reef","https://www.fishbase.se/summary/Stegastes-partitus.html","ReefLifeSurvey, FishesOfAustralia, Reeflex",""
"Stegastes_pelicieri","B","Farming","rocky-reef","https://www.fishbase.se/summary/Stegastes-pelicieri.html","ReefLifeSurvey, FishesOfAustralia, Reeflex",""
"Stegastes_pictus","B","Farming","rocky-reef","https://www.fishbase.se/summary/Stegastes-pictus.html","ReefLifeSurvey, FishesOfAustralia, Reeflex",""
"Stegastes_planifrons","B","Farming","coral-reef","https://www.fishbase.se/summary/Stegastes-planifrons.html","ReefLifeSurvey, FishesOfAustralia, Reeflex",""
"Stegastes_punctatus","B","Farming","coral-reef","https://www.fishbase.se/summary/Stegastes-punctatus.html","ReefLifeSurvey, FishesOfAustralia, Reeflex",""
"Stegastes_rectifraenum","B","Farming","rocky-reef","https://www.fishbase.se/summary/Stegastes-rectifraenum.html","ReefLifeSurvey, FishesOfAustralia, Reeflex",""
"Stegastes_rocasensis","B","Farming","rocky-reef","https://www.fishbase.se/summary/Stegastes-rocasensis.html","ReefLifeSurvey, FishesOfAustralia, Reeflex",""
"Stegastes_sanctipauli","B","Farming","coral-reef",NA,"ReefLifeSurvey, FishesOfAustralia, Reeflex",""
"Stegastes_variabilis","B","No","coral-reef","https://www.fishbase.se/summary/Stegastes-variabilis.html","ReefLifeSurvey, FishesOfAustralia, Reeflex",""
"Stegastes_xanthurus","B","No","coral-reef","https://www.fishbase.se/summary/Stegastes-xanthurus.html","ReefLifeSurvey, FishesOfAustralia, Reeflex",""
"Teixeirichthys_jordani","P","No","seagrass-rubble-sand","https://www.fishbase.se/summary/Teixeirichthys-jordani.html","ReefLifeSurvey, FishesOfAustralia, Reeflex",""
"Pomacentrus_maafu","I","No","coral-reef",NA,NA,NA
